"","sNum","sID","months","days","sex","randomization","condLabel","trial_order","inclusion","trialType","trial_type","objects_position","given_object","looking_time","num_looks","lookAway_time","num_looksAway","log_lookingTime"
"1",1,"CoBr",29,3,"m","{'ConPos': ['CONPOS_BananaApple_Banana.mp4', 'CONPOS_AppleBanana_Banana.mp4'], 'ConNeg': ['CONNEG_CarBall_Ball.mp4', 'CONNEG_BallCar_Ball.mp4'], 'P_intro': ['intro.mp4'], 'O_intro': ['Intro_AppleBanana.mp4', 'Intro_BallCar.mp4', 'Intro_DuckBear.mp4', 'Intro_CupSpoon.mp4'], 'O_intro_S': ['AB_intro_S.png', 'BC_intro_S.png', 'BD_intro_S.png', 'CS_intro_S.png'], 'Still': ['BA_B.png', 'AB_B.png', 'CB_B.png', 'BC_B.png', 'BD_B.png', 'DB_B.png', 'CS_S.png', 'SC_S.png'], 'Test': ['INPOS_BearDuck_Bear.mp4', 'INPOS_DuckBear_Bear.mp4', 'INNEG_CupSpoon_Spoon .mp4', 'INNEG_SpoonCup_Spoon.mp4']}",1,1,1,"P_intro","intro",NA,NA,17.8344466519775,1,0,0,2.88113179236809
"2",1,"CoBr",29,3,"m","{'ConPos': ['CONPOS_BananaApple_Banana.mp4', 'CONPOS_AppleBanana_Banana.mp4'], 'ConNeg': ['CONNEG_CarBall_Ball.mp4', 'CONNEG_BallCar_Ball.mp4'], 'P_intro': ['intro.mp4'], 'O_intro': ['Intro_AppleBanana.mp4', 'Intro_BallCar.mp4', 'Intro_DuckBear.mp4', 'Intro_CupSpoon.mp4'], 'O_intro_S': ['AB_intro_S.png', 'BC_intro_S.png', 'BD_intro_S.png', 'CS_intro_S.png'], 'Still': ['BA_B.png', 'AB_B.png', 'CB_B.png', 'BC_B.png', 'BD_B.png', 'DB_B.png', 'CS_S.png', 'SC_S.png'], 'Test': ['INPOS_BearDuck_Bear.mp4', 'INPOS_DuckBear_Bear.mp4', 'INNEG_CupSpoon_Spoon .mp4', 'INNEG_SpoonCup_Spoon.mp4']}",1,2,1,"O_intro","Intro","AppleBanana",NA,24.8935275250115,2,0.333583918050863,1,3.21460783092617
"3",1,"CoBr",29,3,"m","{'ConPos': ['CONPOS_BananaApple_Banana.mp4', 'CONPOS_AppleBanana_Banana.mp4'], 'ConNeg': ['CONNEG_CarBall_Ball.mp4', 'CONNEG_BallCar_Ball.mp4'], 'P_intro': ['intro.mp4'], 'O_intro': ['Intro_AppleBanana.mp4', 'Intro_BallCar.mp4', 'Intro_DuckBear.mp4', 'Intro_CupSpoon.mp4'], 'O_intro_S': ['AB_intro_S.png', 'BC_intro_S.png', 'BD_intro_S.png', 'CS_intro_S.png'], 'Still': ['BA_B.png', 'AB_B.png', 'CB_B.png', 'BC_B.png', 'BD_B.png', 'DB_B.png', 'CS_S.png', 'SC_S.png'], 'Test': ['INPOS_BearDuck_Bear.mp4', 'INPOS_DuckBear_Bear.mp4', 'INNEG_CupSpoon_Spoon .mp4', 'INNEG_SpoonCup_Spoon.mp4']}",1,3,1,"O_intro_S","Intro","AppleBanana",NA,34.6818520722445,9,9.50745980686042,9,3.54621655510703
"4",1,"CoBr",29,3,"m","{'ConPos': ['CONPOS_BananaApple_Banana.mp4', 'CONPOS_AppleBanana_Banana.mp4'], 'ConNeg': ['CONNEG_CarBall_Ball.mp4', 'CONNEG_BallCar_Ball.mp4'], 'P_intro': ['intro.mp4'], 'O_intro': ['Intro_AppleBanana.mp4', 'Intro_BallCar.mp4', 'Intro_DuckBear.mp4', 'Intro_CupSpoon.mp4'], 'O_intro_S': ['AB_intro_S.png', 'BC_intro_S.png', 'BD_intro_S.png', 'CS_intro_S.png'], 'Still': ['BA_B.png', 'AB_B.png', 'CB_B.png', 'BC_B.png', 'BD_B.png', 'DB_B.png', 'CS_S.png', 'SC_S.png'], 'Test': ['INPOS_BearDuck_Bear.mp4', 'INPOS_DuckBear_Bear.mp4', 'INNEG_CupSpoon_Spoon .mp4', 'INNEG_SpoonCup_Spoon.mp4']}",1,4,1,"ConPos","CONPOS","BananaApple","Banana",24.0591515289852,1,0,0,3.18051544512776
"5",1,"CoBr",29,3,"m","{'ConPos': ['CONPOS_BananaApple_Banana.mp4', 'CONPOS_AppleBanana_Banana.mp4'], 'ConNeg': ['CONNEG_CarBall_Ball.mp4', 'CONNEG_BallCar_Ball.mp4'], 'P_intro': ['intro.mp4'], 'O_intro': ['Intro_AppleBanana.mp4', 'Intro_BallCar.mp4', 'Intro_DuckBear.mp4', 'Intro_CupSpoon.mp4'], 'O_intro_S': ['AB_intro_S.png', 'BC_intro_S.png', 'BD_intro_S.png', 'CS_intro_S.png'], 'Still': ['BA_B.png', 'AB_B.png', 'CB_B.png', 'BC_B.png', 'BD_B.png', 'DB_B.png', 'CS_S.png', 'SC_S.png'], 'Test': ['INPOS_BearDuck_Bear.mp4', 'INPOS_DuckBear_Bear.mp4', 'INNEG_CupSpoon_Spoon .mp4', 'INNEG_SpoonCup_Spoon.mp4']}",1,5,1,"Still","CONPOS","BananaApple","Banana",14.667055533966,4,4.6700797380181,4,2.68560385857817
"6",1,"CoBr",29,3,"m","{'ConPos': ['CONPOS_BananaApple_Banana.mp4', 'CONPOS_AppleBanana_Banana.mp4'], 'ConNeg': ['CONNEG_CarBall_Ball.mp4', 'CONNEG_BallCar_Ball.mp4'], 'P_intro': ['intro.mp4'], 'O_intro': ['Intro_AppleBanana.mp4', 'Intro_BallCar.mp4', 'Intro_DuckBear.mp4', 'Intro_CupSpoon.mp4'], 'O_intro_S': ['AB_intro_S.png', 'BC_intro_S.png', 'BD_intro_S.png', 'CS_intro_S.png'], 'Still': ['BA_B.png', 'AB_B.png', 'CB_B.png', 'BC_B.png', 'BD_B.png', 'DB_B.png', 'CS_S.png', 'SC_S.png'], 'Test': ['INPOS_BearDuck_Bear.mp4', 'INPOS_DuckBear_Bear.mp4', 'INNEG_CupSpoon_Spoon .mp4', 'INNEG_SpoonCup_Spoon.mp4']}",1,6,1,"ConPos","CONPOS","AppleBanana","Banana",24.0761283240281,1,0,0,3.18122082362763
"7",1,"CoBr",29,3,"m","{'ConPos': ['CONPOS_BananaApple_Banana.mp4', 'CONPOS_AppleBanana_Banana.mp4'], 'ConNeg': ['CONNEG_CarBall_Ball.mp4', 'CONNEG_BallCar_Ball.mp4'], 'P_intro': ['intro.mp4'], 'O_intro': ['Intro_AppleBanana.mp4', 'Intro_BallCar.mp4', 'Intro_DuckBear.mp4', 'Intro_CupSpoon.mp4'], 'O_intro_S': ['AB_intro_S.png', 'BC_intro_S.png', 'BD_intro_S.png', 'CS_intro_S.png'], 'Still': ['BA_B.png', 'AB_B.png', 'CB_B.png', 'BC_B.png', 'BD_B.png', 'DB_B.png', 'CS_S.png', 'SC_S.png'], 'Test': ['INPOS_BearDuck_Bear.mp4', 'INPOS_DuckBear_Bear.mp4', 'INNEG_CupSpoon_Spoon .mp4', 'INNEG_SpoonCup_Spoon.mp4']}",1,7,1,"Still","CONPOS","AppleBanana","Banana",24.9751506631728,3,4.76984785497189,3,3.21788135707589
"8",1,"CoBr",29,3,"m","{'ConPos': ['CONPOS_BananaApple_Banana.mp4', 'CONPOS_AppleBanana_Banana.mp4'], 'ConNeg': ['CONNEG_CarBall_Ball.mp4', 'CONNEG_BallCar_Ball.mp4'], 'P_intro': ['intro.mp4'], 'O_intro': ['Intro_AppleBanana.mp4', 'Intro_BallCar.mp4', 'Intro_DuckBear.mp4', 'Intro_CupSpoon.mp4'], 'O_intro_S': ['AB_intro_S.png', 'BC_intro_S.png', 'BD_intro_S.png', 'CS_intro_S.png'], 'Still': ['BA_B.png', 'AB_B.png', 'CB_B.png', 'BC_B.png', 'BD_B.png', 'DB_B.png', 'CS_S.png', 'SC_S.png'], 'Test': ['INPOS_BearDuck_Bear.mp4', 'INPOS_DuckBear_Bear.mp4', 'INNEG_CupSpoon_Spoon .mp4', 'INNEG_SpoonCup_Spoon.mp4']}",1,8,1,"O_intro","Intro","BallCar",NA,25.5235538970446,1,0,0,3.2396017080695
"9",1,"CoBr",29,3,"m","{'ConPos': ['CONPOS_BananaApple_Banana.mp4', 'CONPOS_AppleBanana_Banana.mp4'], 'ConNeg': ['CONNEG_CarBall_Ball.mp4', 'CONNEG_BallCar_Ball.mp4'], 'P_intro': ['intro.mp4'], 'O_intro': ['Intro_AppleBanana.mp4', 'Intro_BallCar.mp4', 'Intro_DuckBear.mp4', 'Intro_CupSpoon.mp4'], 'O_intro_S': ['AB_intro_S.png', 'BC_intro_S.png', 'BD_intro_S.png', 'CS_intro_S.png'], 'Still': ['BA_B.png', 'AB_B.png', 'CB_B.png', 'BC_B.png', 'BD_B.png', 'DB_B.png', 'CS_S.png', 'SC_S.png'], 'Test': ['INPOS_BearDuck_Bear.mp4', 'INPOS_DuckBear_Bear.mp4', 'INNEG_CupSpoon_Spoon .mp4', 'INNEG_SpoonCup_Spoon.mp4']}",1,9,1,"O_intro_S","Intro","BallCar",NA,19.1869278129889,1,2.00150796305388,1,2.95422920408134
"10",1,"CoBr",29,3,"m","{'ConPos': ['CONPOS_BananaApple_Banana.mp4', 'CONPOS_AppleBanana_Banana.mp4'], 'ConNeg': ['CONNEG_CarBall_Ball.mp4', 'CONNEG_BallCar_Ball.mp4'], 'P_intro': ['intro.mp4'], 'O_intro': ['Intro_AppleBanana.mp4', 'Intro_BallCar.mp4', 'Intro_DuckBear.mp4', 'Intro_CupSpoon.mp4'], 'O_intro_S': ['AB_intro_S.png', 'BC_intro_S.png', 'BD_intro_S.png', 'CS_intro_S.png'], 'Still': ['BA_B.png', 'AB_B.png', 'CB_B.png', 'BC_B.png', 'BD_B.png', 'DB_B.png', 'CS_S.png', 'SC_S.png'], 'Test': ['INPOS_BearDuck_Bear.mp4', 'INPOS_DuckBear_Bear.mp4', 'INNEG_CupSpoon_Spoon .mp4', 'INNEG_SpoonCup_Spoon.mp4']}",1,10,1,"ConNeg","CONNEG","CarBall","Ball",24.1214648670284,1,0,0,3.18310210247871
"11",1,"CoBr",29,3,"m","{'ConPos': ['CONPOS_BananaApple_Banana.mp4', 'CONPOS_AppleBanana_Banana.mp4'], 'ConNeg': ['CONNEG_CarBall_Ball.mp4', 'CONNEG_BallCar_Ball.mp4'], 'P_intro': ['intro.mp4'], 'O_intro': ['Intro_AppleBanana.mp4', 'Intro_BallCar.mp4', 'Intro_DuckBear.mp4', 'Intro_CupSpoon.mp4'], 'O_intro_S': ['AB_intro_S.png', 'BC_intro_S.png', 'BD_intro_S.png', 'CS_intro_S.png'], 'Still': ['BA_B.png', 'AB_B.png', 'CB_B.png', 'BC_B.png', 'BD_B.png', 'DB_B.png', 'CS_S.png', 'SC_S.png'], 'Test': ['INPOS_BearDuck_Bear.mp4', 'INPOS_DuckBear_Bear.mp4', 'INNEG_CupSpoon_Spoon .mp4', 'INNEG_SpoonCup_Spoon.mp4']}",1,11,1,"Still","CONNEG","CarBall","Ball",10.3308591820532,1,2.00144634803291,1,2.33513545315329
"12",1,"CoBr",29,3,"m","{'ConPos': ['CONPOS_BananaApple_Banana.mp4', 'CONPOS_AppleBanana_Banana.mp4'], 'ConNeg': ['CONNEG_CarBall_Ball.mp4', 'CONNEG_BallCar_Ball.mp4'], 'P_intro': ['intro.mp4'], 'O_intro': ['Intro_AppleBanana.mp4', 'Intro_BallCar.mp4', 'Intro_DuckBear.mp4', 'Intro_CupSpoon.mp4'], 'O_intro_S': ['AB_intro_S.png', 'BC_intro_S.png', 'BD_intro_S.png', 'CS_intro_S.png'], 'Still': ['BA_B.png', 'AB_B.png', 'CB_B.png', 'BC_B.png', 'BD_B.png', 'DB_B.png', 'CS_S.png', 'SC_S.png'], 'Test': ['INPOS_BearDuck_Bear.mp4', 'INPOS_DuckBear_Bear.mp4', 'INNEG_CupSpoon_Spoon .mp4', 'INNEG_SpoonCup_Spoon.mp4']}",1,12,1,"ConNeg","CONNEG","BallCar","Ball",24.1255705350777,1,0,0,3.18327229606781
"13",1,"CoBr",29,3,"m","{'ConPos': ['CONPOS_BananaApple_Banana.mp4', 'CONPOS_AppleBanana_Banana.mp4'], 'ConNeg': ['CONNEG_CarBall_Ball.mp4', 'CONNEG_BallCar_Ball.mp4'], 'P_intro': ['intro.mp4'], 'O_intro': ['Intro_AppleBanana.mp4', 'Intro_BallCar.mp4', 'Intro_DuckBear.mp4', 'Intro_CupSpoon.mp4'], 'O_intro_S': ['AB_intro_S.png', 'BC_intro_S.png', 'BD_intro_S.png', 'CS_intro_S.png'], 'Still': ['BA_B.png', 'AB_B.png', 'CB_B.png', 'BC_B.png', 'BD_B.png', 'DB_B.png', 'CS_S.png', 'SC_S.png'], 'Test': ['INPOS_BearDuck_Bear.mp4', 'INPOS_DuckBear_Bear.mp4', 'INNEG_CupSpoon_Spoon .mp4', 'INNEG_SpoonCup_Spoon.mp4']}",1,13,1,"Still","CONNEG","BallCar","Ball",24.4752974410076,1,2.00154341501184,1,3.19766434119288
"14",1,"CoBr",29,3,"m","{'ConPos': ['CONPOS_BananaApple_Banana.mp4', 'CONPOS_AppleBanana_Banana.mp4'], 'ConNeg': ['CONNEG_CarBall_Ball.mp4', 'CONNEG_BallCar_Ball.mp4'], 'P_intro': ['intro.mp4'], 'O_intro': ['Intro_AppleBanana.mp4', 'Intro_BallCar.mp4', 'Intro_DuckBear.mp4', 'Intro_CupSpoon.mp4'], 'O_intro_S': ['AB_intro_S.png', 'BC_intro_S.png', 'BD_intro_S.png', 'CS_intro_S.png'], 'Still': ['BA_B.png', 'AB_B.png', 'CB_B.png', 'BC_B.png', 'BD_B.png', 'DB_B.png', 'CS_S.png', 'SC_S.png'], 'Test': ['INPOS_BearDuck_Bear.mp4', 'INPOS_DuckBear_Bear.mp4', 'INNEG_CupSpoon_Spoon .mp4', 'INNEG_SpoonCup_Spoon.mp4']}",1,14,1,"O_intro","Intro","DuckBear",NA,26.894376269076,1,0,0,3.29191720412243
"15",1,"CoBr",29,3,"m","{'ConPos': ['CONPOS_BananaApple_Banana.mp4', 'CONPOS_AppleBanana_Banana.mp4'], 'ConNeg': ['CONNEG_CarBall_Ball.mp4', 'CONNEG_BallCar_Ball.mp4'], 'P_intro': ['intro.mp4'], 'O_intro': ['Intro_AppleBanana.mp4', 'Intro_BallCar.mp4', 'Intro_DuckBear.mp4', 'Intro_CupSpoon.mp4'], 'O_intro_S': ['AB_intro_S.png', 'BC_intro_S.png', 'BD_intro_S.png', 'CS_intro_S.png'], 'Still': ['BA_B.png', 'AB_B.png', 'CB_B.png', 'BC_B.png', 'BD_B.png', 'DB_B.png', 'CS_S.png', 'SC_S.png'], 'Test': ['INPOS_BearDuck_Bear.mp4', 'INPOS_DuckBear_Bear.mp4', 'INNEG_CupSpoon_Spoon .mp4', 'INNEG_SpoonCup_Spoon.mp4']}",1,15,1,"O_intro_S","Intro","DuckBear",NA,18.3874600179261,2,3.45260817406233,2,2.91166891150921
"16",1,"CoBr",29,3,"m","{'ConPos': ['CONPOS_BananaApple_Banana.mp4', 'CONPOS_AppleBanana_Banana.mp4'], 'ConNeg': ['CONNEG_CarBall_Ball.mp4', 'CONNEG_BallCar_Ball.mp4'], 'P_intro': ['intro.mp4'], 'O_intro': ['Intro_AppleBanana.mp4', 'Intro_BallCar.mp4', 'Intro_DuckBear.mp4', 'Intro_CupSpoon.mp4'], 'O_intro_S': ['AB_intro_S.png', 'BC_intro_S.png', 'BD_intro_S.png', 'CS_intro_S.png'], 'Still': ['BA_B.png', 'AB_B.png', 'CB_B.png', 'BC_B.png', 'BD_B.png', 'DB_B.png', 'CS_S.png', 'SC_S.png'], 'Test': ['INPOS_BearDuck_Bear.mp4', 'INPOS_DuckBear_Bear.mp4', 'INNEG_CupSpoon_Spoon .mp4', 'INNEG_SpoonCup_Spoon.mp4']}",1,16,1,"Test","INPOS","BearDuck","Bear",24.1254477800103,1,0,0,3.18326720788224
"17",1,"CoBr",29,3,"m","{'ConPos': ['CONPOS_BananaApple_Banana.mp4', 'CONPOS_AppleBanana_Banana.mp4'], 'ConNeg': ['CONNEG_CarBall_Ball.mp4', 'CONNEG_BallCar_Ball.mp4'], 'P_intro': ['intro.mp4'], 'O_intro': ['Intro_AppleBanana.mp4', 'Intro_BallCar.mp4', 'Intro_DuckBear.mp4', 'Intro_CupSpoon.mp4'], 'O_intro_S': ['AB_intro_S.png', 'BC_intro_S.png', 'BD_intro_S.png', 'CS_intro_S.png'], 'Still': ['BA_B.png', 'AB_B.png', 'CB_B.png', 'BC_B.png', 'BD_B.png', 'DB_B.png', 'CS_S.png', 'SC_S.png'], 'Test': ['INPOS_BearDuck_Bear.mp4', 'INPOS_DuckBear_Bear.mp4', 'INNEG_CupSpoon_Spoon .mp4', 'INNEG_SpoonCup_Spoon.mp4']}",1,17,1,"Still","INPOS","BearDuck","Bear",29.6793748120544,2,2.0848758330103,2,3.39045235379344
"18",1,"CoBr",29,3,"m","{'ConPos': ['CONPOS_BananaApple_Banana.mp4', 'CONPOS_AppleBanana_Banana.mp4'], 'ConNeg': ['CONNEG_CarBall_Ball.mp4', 'CONNEG_BallCar_Ball.mp4'], 'P_intro': ['intro.mp4'], 'O_intro': ['Intro_AppleBanana.mp4', 'Intro_BallCar.mp4', 'Intro_DuckBear.mp4', 'Intro_CupSpoon.mp4'], 'O_intro_S': ['AB_intro_S.png', 'BC_intro_S.png', 'BD_intro_S.png', 'CS_intro_S.png'], 'Still': ['BA_B.png', 'AB_B.png', 'CB_B.png', 'BC_B.png', 'BD_B.png', 'DB_B.png', 'CS_S.png', 'SC_S.png'], 'Test': ['INPOS_BearDuck_Bear.mp4', 'INPOS_DuckBear_Bear.mp4', 'INNEG_CupSpoon_Spoon .mp4', 'INNEG_SpoonCup_Spoon.mp4']}",1,18,1,"Test","INPOS","DuckBear","Bear",20.1169917030493,3,3.93625572090968,2,3.00156481631156
"19",1,"CoBr",29,3,"m","{'ConPos': ['CONPOS_BananaApple_Banana.mp4', 'CONPOS_AppleBanana_Banana.mp4'], 'ConNeg': ['CONNEG_CarBall_Ball.mp4', 'CONNEG_BallCar_Ball.mp4'], 'P_intro': ['intro.mp4'], 'O_intro': ['Intro_AppleBanana.mp4', 'Intro_BallCar.mp4', 'Intro_DuckBear.mp4', 'Intro_CupSpoon.mp4'], 'O_intro_S': ['AB_intro_S.png', 'BC_intro_S.png', 'BD_intro_S.png', 'CS_intro_S.png'], 'Still': ['BA_B.png', 'AB_B.png', 'CB_B.png', 'BC_B.png', 'BD_B.png', 'DB_B.png', 'CS_S.png', 'SC_S.png'], 'Test': ['INPOS_BearDuck_Bear.mp4', 'INPOS_DuckBear_Bear.mp4', 'INNEG_CupSpoon_Spoon .mp4', 'INNEG_SpoonCup_Spoon.mp4']}",1,19,1,"Still","INPOS","DuckBear","Bear",3.19197895599063,1,2.00142703799065,1,1.16064108683107
"20",1,"CoBr",29,3,"m","{'ConPos': ['CONPOS_BananaApple_Banana.mp4', 'CONPOS_AppleBanana_Banana.mp4'], 'ConNeg': ['CONNEG_CarBall_Ball.mp4', 'CONNEG_BallCar_Ball.mp4'], 'P_intro': ['intro.mp4'], 'O_intro': ['Intro_AppleBanana.mp4', 'Intro_BallCar.mp4', 'Intro_DuckBear.mp4', 'Intro_CupSpoon.mp4'], 'O_intro_S': ['AB_intro_S.png', 'BC_intro_S.png', 'BD_intro_S.png', 'CS_intro_S.png'], 'Still': ['BA_B.png', 'AB_B.png', 'CB_B.png', 'BC_B.png', 'BD_B.png', 'DB_B.png', 'CS_S.png', 'SC_S.png'], 'Test': ['INPOS_BearDuck_Bear.mp4', 'INPOS_DuckBear_Bear.mp4', 'INNEG_CupSpoon_Spoon .mp4', 'INNEG_SpoonCup_Spoon.mp4']}",1,20,1,"O_intro","Intro","CupSpoon",NA,31.2640074800001,1,0,0,3.44246751511316
"21",1,"CoBr",29,3,"m","{'ConPos': ['CONPOS_BananaApple_Banana.mp4', 'CONPOS_AppleBanana_Banana.mp4'], 'ConNeg': ['CONNEG_CarBall_Ball.mp4', 'CONNEG_BallCar_Ball.mp4'], 'P_intro': ['intro.mp4'], 'O_intro': ['Intro_AppleBanana.mp4', 'Intro_BallCar.mp4', 'Intro_DuckBear.mp4', 'Intro_CupSpoon.mp4'], 'O_intro_S': ['AB_intro_S.png', 'BC_intro_S.png', 'BD_intro_S.png', 'CS_intro_S.png'], 'Still': ['BA_B.png', 'AB_B.png', 'CB_B.png', 'BC_B.png', 'BD_B.png', 'DB_B.png', 'CS_S.png', 'SC_S.png'], 'Test': ['INPOS_BearDuck_Bear.mp4', 'INPOS_DuckBear_Bear.mp4', 'INNEG_CupSpoon_Spoon .mp4', 'INNEG_SpoonCup_Spoon.mp4']}",1,21,1,"O_intro_S","Intro","CupSpoon",NA,5.84358988597523,1,2.00147297594231,1,1.76534531448809
"22",1,"CoBr",29,3,"m","{'ConPos': ['CONPOS_BananaApple_Banana.mp4', 'CONPOS_AppleBanana_Banana.mp4'], 'ConNeg': ['CONNEG_CarBall_Ball.mp4', 'CONNEG_BallCar_Ball.mp4'], 'P_intro': ['intro.mp4'], 'O_intro': ['Intro_AppleBanana.mp4', 'Intro_BallCar.mp4', 'Intro_DuckBear.mp4', 'Intro_CupSpoon.mp4'], 'O_intro_S': ['AB_intro_S.png', 'BC_intro_S.png', 'BD_intro_S.png', 'CS_intro_S.png'], 'Still': ['BA_B.png', 'AB_B.png', 'CB_B.png', 'BC_B.png', 'BD_B.png', 'DB_B.png', 'CS_S.png', 'SC_S.png'], 'Test': ['INPOS_BearDuck_Bear.mp4', 'INPOS_DuckBear_Bear.mp4', 'INNEG_CupSpoon_Spoon .mp4', 'INNEG_SpoonCup_Spoon.mp4']}",1,22,1,"Test","INNEG","CupSpoon","Spoon ",24.1424056040123,1,0,0,3.18396986290047
"23",1,"CoBr",29,3,"m","{'ConPos': ['CONPOS_BananaApple_Banana.mp4', 'CONPOS_AppleBanana_Banana.mp4'], 'ConNeg': ['CONNEG_CarBall_Ball.mp4', 'CONNEG_BallCar_Ball.mp4'], 'P_intro': ['intro.mp4'], 'O_intro': ['Intro_AppleBanana.mp4', 'Intro_BallCar.mp4', 'Intro_DuckBear.mp4', 'Intro_CupSpoon.mp4'], 'O_intro_S': ['AB_intro_S.png', 'BC_intro_S.png', 'BD_intro_S.png', 'CS_intro_S.png'], 'Still': ['BA_B.png', 'AB_B.png', 'CB_B.png', 'BC_B.png', 'BD_B.png', 'DB_B.png', 'CS_S.png', 'SC_S.png'], 'Test': ['INPOS_BearDuck_Bear.mp4', 'INPOS_DuckBear_Bear.mp4', 'INNEG_CupSpoon_Spoon .mp4', 'INNEG_SpoonCup_Spoon.mp4']}",1,23,1,"Still","INNEG","CupSpoon","Spoon ",22.7906165419845,2,2.63546523905825,2,3.1263488960722
"24",1,"CoBr",29,3,"m","{'ConPos': ['CONPOS_BananaApple_Banana.mp4', 'CONPOS_AppleBanana_Banana.mp4'], 'ConNeg': ['CONNEG_CarBall_Ball.mp4', 'CONNEG_BallCar_Ball.mp4'], 'P_intro': ['intro.mp4'], 'O_intro': ['Intro_AppleBanana.mp4', 'Intro_BallCar.mp4', 'Intro_DuckBear.mp4', 'Intro_CupSpoon.mp4'], 'O_intro_S': ['AB_intro_S.png', 'BC_intro_S.png', 'BD_intro_S.png', 'CS_intro_S.png'], 'Still': ['BA_B.png', 'AB_B.png', 'CB_B.png', 'BC_B.png', 'BD_B.png', 'DB_B.png', 'CS_S.png', 'SC_S.png'], 'Test': ['INPOS_BearDuck_Bear.mp4', 'INPOS_DuckBear_Bear.mp4', 'INNEG_CupSpoon_Spoon .mp4', 'INNEG_SpoonCup_Spoon.mp4']}",1,24,1,"Test","INNEG","SpoonCup","Spoon",21.1569734469522,2,2.968856366002,1,3.05196956495252
"25",1,"CoBr",29,3,"m","{'ConPos': ['CONPOS_BananaApple_Banana.mp4', 'CONPOS_AppleBanana_Banana.mp4'], 'ConNeg': ['CONNEG_CarBall_Ball.mp4', 'CONNEG_BallCar_Ball.mp4'], 'P_intro': ['intro.mp4'], 'O_intro': ['Intro_AppleBanana.mp4', 'Intro_BallCar.mp4', 'Intro_DuckBear.mp4', 'Intro_CupSpoon.mp4'], 'O_intro_S': ['AB_intro_S.png', 'BC_intro_S.png', 'BD_intro_S.png', 'CS_intro_S.png'], 'Still': ['BA_B.png', 'AB_B.png', 'CB_B.png', 'BC_B.png', 'BD_B.png', 'DB_B.png', 'CS_S.png', 'SC_S.png'], 'Test': ['INPOS_BearDuck_Bear.mp4', 'INPOS_DuckBear_Bear.mp4', 'INNEG_CupSpoon_Spoon .mp4', 'INNEG_SpoonCup_Spoon.mp4']}",1,25,1,"Still","INNEG","SpoonCup","Spoon",9.2638932899572,1,2.00157915404998,1,2.22612440197729
"26",2,"LaMc",28,6,"f","{'ConPos': ['CONPOS_BananaApple_Banana.mp4', 'CONPOS_AppleBanana_Banana.mp4'], 'ConNeg': ['CONNEG_BallCar_Ball.mp4', 'CONNEG_CarBall_Ball.mp4'], 'P_intro': ['intro.mp4'], 'O_intro': ['Intro_AppleBanana.mp4', 'Intro_BallCar.mp4', 'Intro_CupSpoon.mp4', 'Intro_DuckBear.mp4'], 'O_intro_S': ['AB_intro_S.png', 'BC_intro_S.png', 'CS_intro_S.png', 'BD_intro_S.png'], 'Still': ['BA_B.png', 'AB_B.png', 'BC_B.png', 'CB_B.png', 'SC_C.png', 'CS_C.png', 'DB_B.png', 'BD_B.png'], 'Test': ['INPOS_SpoonCup_Cup.mp4', 'INPOS_CupSpoon_Cup.mp4', 'INNEG_DuckBear_Bear.mp4', 'INNEG_BearDuck_Bear.mp4']}",2,1,1,"P_intro","intro",NA,NA,17.8347750229295,1,0,0,2.88115020437354
"27",2,"LaMc",28,6,"f","{'ConPos': ['CONPOS_BananaApple_Banana.mp4', 'CONPOS_AppleBanana_Banana.mp4'], 'ConNeg': ['CONNEG_BallCar_Ball.mp4', 'CONNEG_CarBall_Ball.mp4'], 'P_intro': ['intro.mp4'], 'O_intro': ['Intro_AppleBanana.mp4', 'Intro_BallCar.mp4', 'Intro_CupSpoon.mp4', 'Intro_DuckBear.mp4'], 'O_intro_S': ['AB_intro_S.png', 'BC_intro_S.png', 'CS_intro_S.png', 'BD_intro_S.png'], 'Still': ['BA_B.png', 'AB_B.png', 'BC_B.png', 'CB_B.png', 'SC_C.png', 'CS_C.png', 'DB_B.png', 'BD_B.png'], 'Test': ['INPOS_SpoonCup_Cup.mp4', 'INPOS_CupSpoon_Cup.mp4', 'INNEG_DuckBear_Bear.mp4', 'INNEG_BearDuck_Bear.mp4']}",2,2,1,"O_intro","Intro","AppleBanana",NA,24.3097013588995,3,0.917345341877081,2,3.19087550355078
"28",2,"LaMc",28,6,"f","{'ConPos': ['CONPOS_BananaApple_Banana.mp4', 'CONPOS_AppleBanana_Banana.mp4'], 'ConNeg': ['CONNEG_BallCar_Ball.mp4', 'CONNEG_CarBall_Ball.mp4'], 'P_intro': ['intro.mp4'], 'O_intro': ['Intro_AppleBanana.mp4', 'Intro_BallCar.mp4', 'Intro_CupSpoon.mp4', 'Intro_DuckBear.mp4'], 'O_intro_S': ['AB_intro_S.png', 'BC_intro_S.png', 'CS_intro_S.png', 'BD_intro_S.png'], 'Still': ['BA_B.png', 'AB_B.png', 'BC_B.png', 'CB_B.png', 'SC_C.png', 'CS_C.png', 'DB_B.png', 'BD_B.png'], 'Test': ['INPOS_SpoonCup_Cup.mp4', 'INPOS_CupSpoon_Cup.mp4', 'INNEG_DuckBear_Bear.mp4', 'INNEG_BearDuck_Bear.mp4']}",2,3,1,"O_intro_S","Intro","AppleBanana",NA,8.29384859302081,5,4.83702506602276,5,2.11551410665646
"29",2,"LaMc",28,6,"f","{'ConPos': ['CONPOS_BananaApple_Banana.mp4', 'CONPOS_AppleBanana_Banana.mp4'], 'ConNeg': ['CONNEG_BallCar_Ball.mp4', 'CONNEG_CarBall_Ball.mp4'], 'P_intro': ['intro.mp4'], 'O_intro': ['Intro_AppleBanana.mp4', 'Intro_BallCar.mp4', 'Intro_CupSpoon.mp4', 'Intro_DuckBear.mp4'], 'O_intro_S': ['AB_intro_S.png', 'BC_intro_S.png', 'CS_intro_S.png', 'BD_intro_S.png'], 'Still': ['BA_B.png', 'AB_B.png', 'BC_B.png', 'CB_B.png', 'SC_C.png', 'CS_C.png', 'DB_B.png', 'BD_B.png'], 'Test': ['INPOS_SpoonCup_Cup.mp4', 'INPOS_CupSpoon_Cup.mp4', 'INNEG_DuckBear_Bear.mp4', 'INNEG_BearDuck_Bear.mp4']}",2,4,1,"ConPos","CONPOS","BananaApple","Banana",24.0596588510089,1,0,0,3.18053653135245
"30",2,"LaMc",28,6,"f","{'ConPos': ['CONPOS_BananaApple_Banana.mp4', 'CONPOS_AppleBanana_Banana.mp4'], 'ConNeg': ['CONNEG_BallCar_Ball.mp4', 'CONNEG_CarBall_Ball.mp4'], 'P_intro': ['intro.mp4'], 'O_intro': ['Intro_AppleBanana.mp4', 'Intro_BallCar.mp4', 'Intro_CupSpoon.mp4', 'Intro_DuckBear.mp4'], 'O_intro_S': ['AB_intro_S.png', 'BC_intro_S.png', 'CS_intro_S.png', 'BD_intro_S.png'], 'Still': ['BA_B.png', 'AB_B.png', 'BC_B.png', 'CB_B.png', 'SC_C.png', 'CS_C.png', 'DB_B.png', 'BD_B.png'], 'Test': ['INPOS_SpoonCup_Cup.mp4', 'INPOS_CupSpoon_Cup.mp4', 'INNEG_DuckBear_Bear.mp4', 'INNEG_BearDuck_Bear.mp4']}",2,5,1,"Still","CONPOS","BananaApple","Banana",24.3902039000532,4,5.13738016691059,4,3.19418157217866
"31",2,"LaMc",28,6,"f","{'ConPos': ['CONPOS_BananaApple_Banana.mp4', 'CONPOS_AppleBanana_Banana.mp4'], 'ConNeg': ['CONNEG_BallCar_Ball.mp4', 'CONNEG_CarBall_Ball.mp4'], 'P_intro': ['intro.mp4'], 'O_intro': ['Intro_AppleBanana.mp4', 'Intro_BallCar.mp4', 'Intro_CupSpoon.mp4', 'Intro_DuckBear.mp4'], 'O_intro_S': ['AB_intro_S.png', 'BC_intro_S.png', 'CS_intro_S.png', 'BD_intro_S.png'], 'Still': ['BA_B.png', 'AB_B.png', 'BC_B.png', 'CB_B.png', 'SC_C.png', 'CS_C.png', 'DB_B.png', 'BD_B.png'], 'Test': ['INPOS_SpoonCup_Cup.mp4', 'INPOS_CupSpoon_Cup.mp4', 'INNEG_DuckBear_Bear.mp4', 'INNEG_BearDuck_Bear.mp4']}",2,6,1,"ConPos","CONPOS","AppleBanana","Banana",23.4091387981316,2,0.650405782973394,1,3.15312649304876
"32",2,"LaMc",28,6,"f","{'ConPos': ['CONPOS_BananaApple_Banana.mp4', 'CONPOS_AppleBanana_Banana.mp4'], 'ConNeg': ['CONNEG_BallCar_Ball.mp4', 'CONNEG_CarBall_Ball.mp4'], 'P_intro': ['intro.mp4'], 'O_intro': ['Intro_AppleBanana.mp4', 'Intro_BallCar.mp4', 'Intro_CupSpoon.mp4', 'Intro_DuckBear.mp4'], 'O_intro_S': ['AB_intro_S.png', 'BC_intro_S.png', 'CS_intro_S.png', 'BD_intro_S.png'], 'Still': ['BA_B.png', 'AB_B.png', 'BC_B.png', 'CB_B.png', 'SC_C.png', 'CS_C.png', 'DB_B.png', 'BD_B.png'], 'Test': ['INPOS_SpoonCup_Cup.mp4', 'INPOS_CupSpoon_Cup.mp4', 'INNEG_DuckBear_Bear.mp4', 'INNEG_BearDuck_Bear.mp4']}",2,7,1,"Still","CONPOS","AppleBanana","Banana",6.00943244586233,3,3.9864182168385,3,1.79333030912318
"33",2,"LaMc",28,6,"f","{'ConPos': ['CONPOS_BananaApple_Banana.mp4', 'CONPOS_AppleBanana_Banana.mp4'], 'ConNeg': ['CONNEG_BallCar_Ball.mp4', 'CONNEG_CarBall_Ball.mp4'], 'P_intro': ['intro.mp4'], 'O_intro': ['Intro_AppleBanana.mp4', 'Intro_BallCar.mp4', 'Intro_CupSpoon.mp4', 'Intro_DuckBear.mp4'], 'O_intro_S': ['AB_intro_S.png', 'BC_intro_S.png', 'CS_intro_S.png', 'BD_intro_S.png'], 'Still': ['BA_B.png', 'AB_B.png', 'BC_B.png', 'CB_B.png', 'SC_C.png', 'CS_C.png', 'DB_B.png', 'BD_B.png'], 'Test': ['INPOS_SpoonCup_Cup.mp4', 'INPOS_CupSpoon_Cup.mp4', 'INNEG_DuckBear_Bear.mp4', 'INNEG_BearDuck_Bear.mp4']}",2,8,1,"O_intro","Intro","BallCar",NA,25.5271784709767,1,0,0,3.2397437069702
"34",2,"LaMc",28,6,"f","{'ConPos': ['CONPOS_BananaApple_Banana.mp4', 'CONPOS_AppleBanana_Banana.mp4'], 'ConNeg': ['CONNEG_BallCar_Ball.mp4', 'CONNEG_CarBall_Ball.mp4'], 'P_intro': ['intro.mp4'], 'O_intro': ['Intro_AppleBanana.mp4', 'Intro_BallCar.mp4', 'Intro_CupSpoon.mp4', 'Intro_DuckBear.mp4'], 'O_intro_S': ['AB_intro_S.png', 'BC_intro_S.png', 'CS_intro_S.png', 'BD_intro_S.png'], 'Still': ['BA_B.png', 'AB_B.png', 'BC_B.png', 'CB_B.png', 'SC_C.png', 'CS_C.png', 'DB_B.png', 'BD_B.png'], 'Test': ['INPOS_SpoonCup_Cup.mp4', 'INPOS_CupSpoon_Cup.mp4', 'INNEG_DuckBear_Bear.mp4', 'INNEG_BearDuck_Bear.mp4']}",2,9,1,"O_intro_S","Intro","BallCar",NA,11.3639528881758,6,5.43754145118874,6,2.43044631827548
"35",2,"LaMc",28,6,"f","{'ConPos': ['CONPOS_BananaApple_Banana.mp4', 'CONPOS_AppleBanana_Banana.mp4'], 'ConNeg': ['CONNEG_BallCar_Ball.mp4', 'CONNEG_CarBall_Ball.mp4'], 'P_intro': ['intro.mp4'], 'O_intro': ['Intro_AppleBanana.mp4', 'Intro_BallCar.mp4', 'Intro_CupSpoon.mp4', 'Intro_DuckBear.mp4'], 'O_intro_S': ['AB_intro_S.png', 'BC_intro_S.png', 'CS_intro_S.png', 'BD_intro_S.png'], 'Still': ['BA_B.png', 'AB_B.png', 'BC_B.png', 'CB_B.png', 'SC_C.png', 'CS_C.png', 'DB_B.png', 'BD_B.png'], 'Test': ['INPOS_SpoonCup_Cup.mp4', 'INPOS_CupSpoon_Cup.mp4', 'INNEG_DuckBear_Bear.mp4', 'INNEG_BearDuck_Bear.mp4']}",2,10,1,"ConNeg","CONNEG","BallCar","Ball",24.1421049620258,1,0,0,3.18395740996337
"36",2,"LaMc",28,6,"f","{'ConPos': ['CONPOS_BananaApple_Banana.mp4', 'CONPOS_AppleBanana_Banana.mp4'], 'ConNeg': ['CONNEG_BallCar_Ball.mp4', 'CONNEG_CarBall_Ball.mp4'], 'P_intro': ['intro.mp4'], 'O_intro': ['Intro_AppleBanana.mp4', 'Intro_BallCar.mp4', 'Intro_CupSpoon.mp4', 'Intro_DuckBear.mp4'], 'O_intro_S': ['AB_intro_S.png', 'BC_intro_S.png', 'CS_intro_S.png', 'BD_intro_S.png'], 'Still': ['BA_B.png', 'AB_B.png', 'BC_B.png', 'CB_B.png', 'SC_C.png', 'CS_C.png', 'DB_B.png', 'BD_B.png'], 'Test': ['INPOS_SpoonCup_Cup.mp4', 'INPOS_CupSpoon_Cup.mp4', 'INNEG_DuckBear_Bear.mp4', 'INNEG_BearDuck_Bear.mp4']}",2,11,1,"Still","CONNEG","BallCar","Ball",3.55662976205349,1,2.00158662593458,1,1.26881340041182
"37",2,"LaMc",28,6,"f","{'ConPos': ['CONPOS_BananaApple_Banana.mp4', 'CONPOS_AppleBanana_Banana.mp4'], 'ConNeg': ['CONNEG_BallCar_Ball.mp4', 'CONNEG_CarBall_Ball.mp4'], 'P_intro': ['intro.mp4'], 'O_intro': ['Intro_AppleBanana.mp4', 'Intro_BallCar.mp4', 'Intro_CupSpoon.mp4', 'Intro_DuckBear.mp4'], 'O_intro_S': ['AB_intro_S.png', 'BC_intro_S.png', 'CS_intro_S.png', 'BD_intro_S.png'], 'Still': ['BA_B.png', 'AB_B.png', 'BC_B.png', 'CB_B.png', 'SC_C.png', 'CS_C.png', 'DB_B.png', 'BD_B.png'], 'Test': ['INPOS_SpoonCup_Cup.mp4', 'INPOS_CupSpoon_Cup.mp4', 'INNEG_DuckBear_Bear.mp4', 'INNEG_BearDuck_Bear.mp4']}",2,12,1,"ConNeg","CONNEG","CarBall","Ball",24.1256947530201,1,0,0,3.18327744486304
"38",2,"LaMc",28,6,"f","{'ConPos': ['CONPOS_BananaApple_Banana.mp4', 'CONPOS_AppleBanana_Banana.mp4'], 'ConNeg': ['CONNEG_BallCar_Ball.mp4', 'CONNEG_CarBall_Ball.mp4'], 'P_intro': ['intro.mp4'], 'O_intro': ['Intro_AppleBanana.mp4', 'Intro_BallCar.mp4', 'Intro_CupSpoon.mp4', 'Intro_DuckBear.mp4'], 'O_intro_S': ['AB_intro_S.png', 'BC_intro_S.png', 'CS_intro_S.png', 'BD_intro_S.png'], 'Still': ['BA_B.png', 'AB_B.png', 'BC_B.png', 'CB_B.png', 'SC_C.png', 'CS_C.png', 'DB_B.png', 'BD_B.png'], 'Test': ['INPOS_SpoonCup_Cup.mp4', 'INPOS_CupSpoon_Cup.mp4', 'INNEG_DuckBear_Bear.mp4', 'INNEG_BearDuck_Bear.mp4']}",2,13,1,"Still","CONNEG","CarBall","Ball",14.9348487830721,3,4.48679481202271,3,2.70369732661327
"39",2,"LaMc",28,6,"f","{'ConPos': ['CONPOS_BananaApple_Banana.mp4', 'CONPOS_AppleBanana_Banana.mp4'], 'ConNeg': ['CONNEG_BallCar_Ball.mp4', 'CONNEG_CarBall_Ball.mp4'], 'P_intro': ['intro.mp4'], 'O_intro': ['Intro_AppleBanana.mp4', 'Intro_BallCar.mp4', 'Intro_CupSpoon.mp4', 'Intro_DuckBear.mp4'], 'O_intro_S': ['AB_intro_S.png', 'BC_intro_S.png', 'CS_intro_S.png', 'BD_intro_S.png'], 'Still': ['BA_B.png', 'AB_B.png', 'BC_B.png', 'CB_B.png', 'SC_C.png', 'CS_C.png', 'DB_B.png', 'BD_B.png'], 'Test': ['INPOS_SpoonCup_Cup.mp4', 'INPOS_CupSpoon_Cup.mp4', 'INNEG_DuckBear_Bear.mp4', 'INNEG_BearDuck_Bear.mp4']}",2,14,1,"O_intro","Intro","CupSpoon",NA,31.281661582063,1,0,0,3.44303203389748
"40",2,"LaMc",28,6,"f","{'ConPos': ['CONPOS_BananaApple_Banana.mp4', 'CONPOS_AppleBanana_Banana.mp4'], 'ConNeg': ['CONNEG_BallCar_Ball.mp4', 'CONNEG_CarBall_Ball.mp4'], 'P_intro': ['intro.mp4'], 'O_intro': ['Intro_AppleBanana.mp4', 'Intro_BallCar.mp4', 'Intro_CupSpoon.mp4', 'Intro_DuckBear.mp4'], 'O_intro_S': ['AB_intro_S.png', 'BC_intro_S.png', 'CS_intro_S.png', 'BD_intro_S.png'], 'Still': ['BA_B.png', 'AB_B.png', 'BC_B.png', 'CB_B.png', 'SC_C.png', 'CS_C.png', 'DB_B.png', 'BD_B.png'], 'Test': ['INPOS_SpoonCup_Cup.mp4', 'INPOS_CupSpoon_Cup.mp4', 'INNEG_DuckBear_Bear.mp4', 'INNEG_BearDuck_Bear.mp4']}",2,15,1,"O_intro_S","Intro","CupSpoon",NA,15.3179869460873,2,2.56867937394418,2,2.72902775529271
"41",2,"LaMc",28,6,"f","{'ConPos': ['CONPOS_BananaApple_Banana.mp4', 'CONPOS_AppleBanana_Banana.mp4'], 'ConNeg': ['CONNEG_BallCar_Ball.mp4', 'CONNEG_CarBall_Ball.mp4'], 'P_intro': ['intro.mp4'], 'O_intro': ['Intro_AppleBanana.mp4', 'Intro_BallCar.mp4', 'Intro_CupSpoon.mp4', 'Intro_DuckBear.mp4'], 'O_intro_S': ['AB_intro_S.png', 'BC_intro_S.png', 'CS_intro_S.png', 'BD_intro_S.png'], 'Still': ['BA_B.png', 'AB_B.png', 'BC_B.png', 'CB_B.png', 'SC_C.png', 'CS_C.png', 'DB_B.png', 'BD_B.png'], 'Test': ['INPOS_SpoonCup_Cup.mp4', 'INPOS_CupSpoon_Cup.mp4', 'INNEG_DuckBear_Bear.mp4', 'INNEG_BearDuck_Bear.mp4']}",2,16,1,"Test","INPOS","SpoonCup","Cup",24.0592892019777,1,0,0,3.18052116738269
"42",2,"LaMc",28,6,"f","{'ConPos': ['CONPOS_BananaApple_Banana.mp4', 'CONPOS_AppleBanana_Banana.mp4'], 'ConNeg': ['CONNEG_BallCar_Ball.mp4', 'CONNEG_CarBall_Ball.mp4'], 'P_intro': ['intro.mp4'], 'O_intro': ['Intro_AppleBanana.mp4', 'Intro_BallCar.mp4', 'Intro_CupSpoon.mp4', 'Intro_DuckBear.mp4'], 'O_intro_S': ['AB_intro_S.png', 'BC_intro_S.png', 'CS_intro_S.png', 'BD_intro_S.png'], 'Still': ['BA_B.png', 'AB_B.png', 'BC_B.png', 'CB_B.png', 'SC_C.png', 'CS_C.png', 'DB_B.png', 'BD_B.png'], 'Test': ['INPOS_SpoonCup_Cup.mp4', 'INPOS_CupSpoon_Cup.mp4', 'INNEG_DuckBear_Bear.mp4', 'INNEG_BearDuck_Bear.mp4']}",2,17,1,"Still","INPOS","SpoonCup","Cup",5.77734042797238,1,2.00156216695905,1,1.75394344322156
"43",2,"LaMc",28,6,"f","{'ConPos': ['CONPOS_BananaApple_Banana.mp4', 'CONPOS_AppleBanana_Banana.mp4'], 'ConNeg': ['CONNEG_BallCar_Ball.mp4', 'CONNEG_CarBall_Ball.mp4'], 'P_intro': ['intro.mp4'], 'O_intro': ['Intro_AppleBanana.mp4', 'Intro_BallCar.mp4', 'Intro_CupSpoon.mp4', 'Intro_DuckBear.mp4'], 'O_intro_S': ['AB_intro_S.png', 'BC_intro_S.png', 'CS_intro_S.png', 'BD_intro_S.png'], 'Still': ['BA_B.png', 'AB_B.png', 'BC_B.png', 'CB_B.png', 'SC_C.png', 'CS_C.png', 'DB_B.png', 'BD_B.png'], 'Test': ['INPOS_SpoonCup_Cup.mp4', 'INPOS_CupSpoon_Cup.mp4', 'INNEG_DuckBear_Bear.mp4', 'INNEG_BearDuck_Bear.mp4']}",2,18,1,"Test","INPOS","CupSpoon","Cup",24.0716886760201,1,0,0,3.18103640621072
"44",2,"LaMc",28,6,"f","{'ConPos': ['CONPOS_BananaApple_Banana.mp4', 'CONPOS_AppleBanana_Banana.mp4'], 'ConNeg': ['CONNEG_BallCar_Ball.mp4', 'CONNEG_CarBall_Ball.mp4'], 'P_intro': ['intro.mp4'], 'O_intro': ['Intro_AppleBanana.mp4', 'Intro_BallCar.mp4', 'Intro_CupSpoon.mp4', 'Intro_DuckBear.mp4'], 'O_intro_S': ['AB_intro_S.png', 'BC_intro_S.png', 'CS_intro_S.png', 'BD_intro_S.png'], 'Still': ['BA_B.png', 'AB_B.png', 'BC_B.png', 'CB_B.png', 'SC_C.png', 'CS_C.png', 'DB_B.png', 'BD_B.png'], 'Test': ['INPOS_SpoonCup_Cup.mp4', 'INPOS_CupSpoon_Cup.mp4', 'INNEG_DuckBear_Bear.mp4', 'INNEG_BearDuck_Bear.mp4']}",2,19,1,"Still","INPOS","CupSpoon","Cup",11.4311837488785,3,3.21924998995382,3,2.43634503752546
"45",2,"LaMc",28,6,"f","{'ConPos': ['CONPOS_BananaApple_Banana.mp4', 'CONPOS_AppleBanana_Banana.mp4'], 'ConNeg': ['CONNEG_BallCar_Ball.mp4', 'CONNEG_CarBall_Ball.mp4'], 'P_intro': ['intro.mp4'], 'O_intro': ['Intro_AppleBanana.mp4', 'Intro_BallCar.mp4', 'Intro_CupSpoon.mp4', 'Intro_DuckBear.mp4'], 'O_intro_S': ['AB_intro_S.png', 'BC_intro_S.png', 'CS_intro_S.png', 'BD_intro_S.png'], 'Still': ['BA_B.png', 'AB_B.png', 'BC_B.png', 'CB_B.png', 'SC_C.png', 'CS_C.png', 'DB_B.png', 'BD_B.png'], 'Test': ['INPOS_SpoonCup_Cup.mp4', 'INPOS_CupSpoon_Cup.mp4', 'INNEG_DuckBear_Bear.mp4', 'INNEG_BearDuck_Bear.mp4']}",2,20,1,"O_intro","Intro","DuckBear",NA,26.9105742350221,1,0,0,3.29251930360523
"46",2,"LaMc",28,6,"f","{'ConPos': ['CONPOS_BananaApple_Banana.mp4', 'CONPOS_AppleBanana_Banana.mp4'], 'ConNeg': ['CONNEG_BallCar_Ball.mp4', 'CONNEG_CarBall_Ball.mp4'], 'P_intro': ['intro.mp4'], 'O_intro': ['Intro_AppleBanana.mp4', 'Intro_BallCar.mp4', 'Intro_CupSpoon.mp4', 'Intro_DuckBear.mp4'], 'O_intro_S': ['AB_intro_S.png', 'BC_intro_S.png', 'CS_intro_S.png', 'BD_intro_S.png'], 'Still': ['BA_B.png', 'AB_B.png', 'BC_B.png', 'CB_B.png', 'SC_C.png', 'CS_C.png', 'DB_B.png', 'BD_B.png'], 'Test': ['INPOS_SpoonCup_Cup.mp4', 'INPOS_CupSpoon_Cup.mp4', 'INNEG_DuckBear_Bear.mp4', 'INNEG_BearDuck_Bear.mp4']}",2,21,1,"O_intro_S","Intro","DuckBear",NA,10.5808615440037,1,2.00148245203309,1,2.35904685449511
"47",2,"LaMc",28,6,"f","{'ConPos': ['CONPOS_BananaApple_Banana.mp4', 'CONPOS_AppleBanana_Banana.mp4'], 'ConNeg': ['CONNEG_BallCar_Ball.mp4', 'CONNEG_CarBall_Ball.mp4'], 'P_intro': ['intro.mp4'], 'O_intro': ['Intro_AppleBanana.mp4', 'Intro_BallCar.mp4', 'Intro_CupSpoon.mp4', 'Intro_DuckBear.mp4'], 'O_intro_S': ['AB_intro_S.png', 'BC_intro_S.png', 'CS_intro_S.png', 'BD_intro_S.png'], 'Still': ['BA_B.png', 'AB_B.png', 'BC_B.png', 'CB_B.png', 'SC_C.png', 'CS_C.png', 'DB_B.png', 'BD_B.png'], 'Test': ['INPOS_SpoonCup_Cup.mp4', 'INPOS_CupSpoon_Cup.mp4', 'INNEG_DuckBear_Bear.mp4', 'INNEG_BearDuck_Bear.mp4']}",2,22,1,"Test","INNEG","DuckBear","Bear",24.1249780210201,1,0,0,3.18324773617883
"48",2,"LaMc",28,6,"f","{'ConPos': ['CONPOS_BananaApple_Banana.mp4', 'CONPOS_AppleBanana_Banana.mp4'], 'ConNeg': ['CONNEG_BallCar_Ball.mp4', 'CONNEG_CarBall_Ball.mp4'], 'P_intro': ['intro.mp4'], 'O_intro': ['Intro_AppleBanana.mp4', 'Intro_BallCar.mp4', 'Intro_CupSpoon.mp4', 'Intro_DuckBear.mp4'], 'O_intro_S': ['AB_intro_S.png', 'BC_intro_S.png', 'CS_intro_S.png', 'BD_intro_S.png'], 'Still': ['BA_B.png', 'AB_B.png', 'BC_B.png', 'CB_B.png', 'SC_C.png', 'CS_C.png', 'DB_B.png', 'BD_B.png'], 'Test': ['INPOS_SpoonCup_Cup.mp4', 'INPOS_CupSpoon_Cup.mp4', 'INNEG_DuckBear_Bear.mp4', 'INNEG_BearDuck_Bear.mp4']}",2,23,1,"Still","INNEG","DuckBear","Bear",3.24252879491542,2,2.53522434004117,2,1.17635351763639
"49",2,"LaMc",28,6,"f","{'ConPos': ['CONPOS_BananaApple_Banana.mp4', 'CONPOS_AppleBanana_Banana.mp4'], 'ConNeg': ['CONNEG_BallCar_Ball.mp4', 'CONNEG_CarBall_Ball.mp4'], 'P_intro': ['intro.mp4'], 'O_intro': ['Intro_AppleBanana.mp4', 'Intro_BallCar.mp4', 'Intro_CupSpoon.mp4', 'Intro_DuckBear.mp4'], 'O_intro_S': ['AB_intro_S.png', 'BC_intro_S.png', 'CS_intro_S.png', 'BD_intro_S.png'], 'Still': ['BA_B.png', 'AB_B.png', 'BC_B.png', 'CB_B.png', 'SC_C.png', 'CS_C.png', 'DB_B.png', 'BD_B.png'], 'Test': ['INPOS_SpoonCup_Cup.mp4', 'INPOS_CupSpoon_Cup.mp4', 'INNEG_DuckBear_Bear.mp4', 'INNEG_BearDuck_Bear.mp4']}",2,24,1,"Test","INNEG","BearDuck","Bear",24.1252018359955,1,0,0,3.18325701344894
"50",2,"LaMc",28,6,"f","{'ConPos': ['CONPOS_BananaApple_Banana.mp4', 'CONPOS_AppleBanana_Banana.mp4'], 'ConNeg': ['CONNEG_BallCar_Ball.mp4', 'CONNEG_CarBall_Ball.mp4'], 'P_intro': ['intro.mp4'], 'O_intro': ['Intro_AppleBanana.mp4', 'Intro_BallCar.mp4', 'Intro_CupSpoon.mp4', 'Intro_DuckBear.mp4'], 'O_intro_S': ['AB_intro_S.png', 'BC_intro_S.png', 'CS_intro_S.png', 'BD_intro_S.png'], 'Still': ['BA_B.png', 'AB_B.png', 'BC_B.png', 'CB_B.png', 'SC_C.png', 'CS_C.png', 'DB_B.png', 'BD_B.png'], 'Test': ['INPOS_SpoonCup_Cup.mp4', 'INPOS_CupSpoon_Cup.mp4', 'INNEG_DuckBear_Bear.mp4', 'INNEG_BearDuck_Bear.mp4']}",2,25,1,"Still","INNEG","BearDuck","Bear",2.92344848497305,1,2.00150937901344,1,1.07276390746689
"51",3,"AuMa",26,18,"f","{'ConPos': ['CONPOS_AppleBanana_Apple.mp4', 'CONPOS_BananaApple_Apple.mp4'], 'ConNeg': ['CONNEG_BearDuck_Bear.mp4', 'CONNEG_DuckBear_Bear.mp4'], 'P_intro': ['intro.mp4'], 'O_intro': ['Intro_AppleBanana.mp4', 'Intro_DuckBear.mp4', 'Intro_BallCar.mp4', 'Intro_CupSpoon.mp4'], 'O_intro_S': ['AB_intro_S.png', 'BD_intro_S.png', 'BC_intro_S.png', 'CS_intro_S.png'], 'Still': ['AB_A.png', 'BA_A.png', 'BD_B.png', 'DB_B.png', 'CB_C.png', 'BC_C.png', 'CS_C.png', 'SC_C.png'], 'Test': ['INPOS_CarBall_Car.mp4', 'INPOS_BallCar_Car.mp4', 'INNEG_CupSpoon_Cup.mp4', 'INNEG_SpoonCup_Cup.mp4']}",3,1,1,"P_intro","intro",NA,NA,17.8337416420691,1,0,0,2.8810922607887
"52",3,"AuMa",26,18,"f","{'ConPos': ['CONPOS_AppleBanana_Apple.mp4', 'CONPOS_BananaApple_Apple.mp4'], 'ConNeg': ['CONNEG_BearDuck_Bear.mp4', 'CONNEG_DuckBear_Bear.mp4'], 'P_intro': ['intro.mp4'], 'O_intro': ['Intro_AppleBanana.mp4', 'Intro_DuckBear.mp4', 'Intro_BallCar.mp4', 'Intro_CupSpoon.mp4'], 'O_intro_S': ['AB_intro_S.png', 'BD_intro_S.png', 'BC_intro_S.png', 'CS_intro_S.png'], 'Still': ['AB_A.png', 'BA_A.png', 'BD_B.png', 'DB_B.png', 'CB_C.png', 'BC_C.png', 'CS_C.png', 'SC_C.png'], 'Test': ['INPOS_CarBall_Car.mp4', 'INPOS_BallCar_Car.mp4', 'INNEG_CupSpoon_Cup.mp4', 'INNEG_SpoonCup_Cup.mp4']}",3,2,1,"O_intro","Intro","AppleBanana",NA,25.2426339800004,1,0,0,3.22853438959743
"53",3,"AuMa",26,18,"f","{'ConPos': ['CONPOS_AppleBanana_Apple.mp4', 'CONPOS_BananaApple_Apple.mp4'], 'ConNeg': ['CONNEG_BearDuck_Bear.mp4', 'CONNEG_DuckBear_Bear.mp4'], 'P_intro': ['intro.mp4'], 'O_intro': ['Intro_AppleBanana.mp4', 'Intro_DuckBear.mp4', 'Intro_BallCar.mp4', 'Intro_CupSpoon.mp4'], 'O_intro_S': ['AB_intro_S.png', 'BD_intro_S.png', 'BC_intro_S.png', 'CS_intro_S.png'], 'Still': ['AB_A.png', 'BA_A.png', 'BD_B.png', 'DB_B.png', 'CB_C.png', 'BC_C.png', 'CS_C.png', 'SC_C.png'], 'Test': ['INPOS_CarBall_Car.mp4', 'INPOS_BallCar_Car.mp4', 'INNEG_CupSpoon_Cup.mp4', 'INNEG_SpoonCup_Cup.mp4']}",3,3,1,"O_intro_S","Intro","AppleBanana",NA,17.0850248819916,2,2.78559874591883,2,2.83820234193093
"54",3,"AuMa",26,18,"f","{'ConPos': ['CONPOS_AppleBanana_Apple.mp4', 'CONPOS_BananaApple_Apple.mp4'], 'ConNeg': ['CONNEG_BearDuck_Bear.mp4', 'CONNEG_DuckBear_Bear.mp4'], 'P_intro': ['intro.mp4'], 'O_intro': ['Intro_AppleBanana.mp4', 'Intro_DuckBear.mp4', 'Intro_BallCar.mp4', 'Intro_CupSpoon.mp4'], 'O_intro_S': ['AB_intro_S.png', 'BD_intro_S.png', 'BC_intro_S.png', 'CS_intro_S.png'], 'Still': ['AB_A.png', 'BA_A.png', 'BD_B.png', 'DB_B.png', 'CB_C.png', 'BC_C.png', 'CS_C.png', 'SC_C.png'], 'Test': ['INPOS_CarBall_Car.mp4', 'INPOS_BallCar_Car.mp4', 'INNEG_CupSpoon_Cup.mp4', 'INNEG_SpoonCup_Cup.mp4']}",3,4,1,"ConPos","CONPOS","AppleBanana","Apple",24.1405230109813,1,0,0,3.18389188117542
"55",3,"AuMa",26,18,"f","{'ConPos': ['CONPOS_AppleBanana_Apple.mp4', 'CONPOS_BananaApple_Apple.mp4'], 'ConNeg': ['CONNEG_BearDuck_Bear.mp4', 'CONNEG_DuckBear_Bear.mp4'], 'P_intro': ['intro.mp4'], 'O_intro': ['Intro_AppleBanana.mp4', 'Intro_DuckBear.mp4', 'Intro_BallCar.mp4', 'Intro_CupSpoon.mp4'], 'O_intro_S': ['AB_intro_S.png', 'BD_intro_S.png', 'BC_intro_S.png', 'CS_intro_S.png'], 'Still': ['AB_A.png', 'BA_A.png', 'BD_B.png', 'DB_B.png', 'CB_C.png', 'BC_C.png', 'CS_C.png', 'SC_C.png'], 'Test': ['INPOS_CarBall_Car.mp4', 'INPOS_BallCar_Car.mp4', 'INNEG_CupSpoon_Cup.mp4', 'INNEG_SpoonCup_Cup.mp4']}",3,5,1,"Still","CONPOS","AppleBanana","Apple",33.1474658789812,5,6.73854890197981,5,3.50096626963691
"56",3,"AuMa",26,18,"f","{'ConPos': ['CONPOS_AppleBanana_Apple.mp4', 'CONPOS_BananaApple_Apple.mp4'], 'ConNeg': ['CONNEG_BearDuck_Bear.mp4', 'CONNEG_DuckBear_Bear.mp4'], 'P_intro': ['intro.mp4'], 'O_intro': ['Intro_AppleBanana.mp4', 'Intro_DuckBear.mp4', 'Intro_BallCar.mp4', 'Intro_CupSpoon.mp4'], 'O_intro_S': ['AB_intro_S.png', 'BD_intro_S.png', 'BC_intro_S.png', 'CS_intro_S.png'], 'Still': ['AB_A.png', 'BA_A.png', 'BD_B.png', 'DB_B.png', 'CB_C.png', 'BC_C.png', 'CS_C.png', 'SC_C.png'], 'Test': ['INPOS_CarBall_Car.mp4', 'INPOS_BallCar_Car.mp4', 'INNEG_CupSpoon_Cup.mp4', 'INNEG_SpoonCup_Cup.mp4']}",3,6,1,"ConPos","CONPOS","BananaApple","Apple",24.522473852965,1,0,0,3.19958999720905
"57",3,"AuMa",26,18,"f","{'ConPos': ['CONPOS_AppleBanana_Apple.mp4', 'CONPOS_BananaApple_Apple.mp4'], 'ConNeg': ['CONNEG_BearDuck_Bear.mp4', 'CONNEG_DuckBear_Bear.mp4'], 'P_intro': ['intro.mp4'], 'O_intro': ['Intro_AppleBanana.mp4', 'Intro_DuckBear.mp4', 'Intro_BallCar.mp4', 'Intro_CupSpoon.mp4'], 'O_intro_S': ['AB_intro_S.png', 'BD_intro_S.png', 'BC_intro_S.png', 'CS_intro_S.png'], 'Still': ['AB_A.png', 'BA_A.png', 'BD_B.png', 'DB_B.png', 'CB_C.png', 'BC_C.png', 'CS_C.png', 'SC_C.png'], 'Test': ['INPOS_CarBall_Car.mp4', 'INPOS_BallCar_Car.mp4', 'INNEG_CupSpoon_Cup.mp4', 'INNEG_SpoonCup_Cup.mp4']}",3,7,1,"Still","CONPOS","BananaApple","Apple",22.4718370410847,1,2.00156004203018,1,3.11226283813292
"58",3,"AuMa",26,18,"f","{'ConPos': ['CONPOS_AppleBanana_Apple.mp4', 'CONPOS_BananaApple_Apple.mp4'], 'ConNeg': ['CONNEG_BearDuck_Bear.mp4', 'CONNEG_DuckBear_Bear.mp4'], 'P_intro': ['intro.mp4'], 'O_intro': ['Intro_AppleBanana.mp4', 'Intro_DuckBear.mp4', 'Intro_BallCar.mp4', 'Intro_CupSpoon.mp4'], 'O_intro_S': ['AB_intro_S.png', 'BD_intro_S.png', 'BC_intro_S.png', 'CS_intro_S.png'], 'Still': ['AB_A.png', 'BA_A.png', 'BD_B.png', 'DB_B.png', 'CB_C.png', 'BC_C.png', 'CS_C.png', 'SC_C.png'], 'Test': ['INPOS_CarBall_Car.mp4', 'INPOS_BallCar_Car.mp4', 'INNEG_CupSpoon_Cup.mp4', 'INNEG_SpoonCup_Cup.mp4']}",3,8,1,"O_intro","Intro","DuckBear",NA,26.8948168630013,1,0,0,3.29193358636948
"59",3,"AuMa",26,18,"f","{'ConPos': ['CONPOS_AppleBanana_Apple.mp4', 'CONPOS_BananaApple_Apple.mp4'], 'ConNeg': ['CONNEG_BearDuck_Bear.mp4', 'CONNEG_DuckBear_Bear.mp4'], 'P_intro': ['intro.mp4'], 'O_intro': ['Intro_AppleBanana.mp4', 'Intro_DuckBear.mp4', 'Intro_BallCar.mp4', 'Intro_CupSpoon.mp4'], 'O_intro_S': ['AB_intro_S.png', 'BD_intro_S.png', 'BC_intro_S.png', 'CS_intro_S.png'], 'Still': ['AB_A.png', 'BA_A.png', 'BD_B.png', 'DB_B.png', 'CB_C.png', 'BC_C.png', 'CS_C.png', 'SC_C.png'], 'Test': ['INPOS_CarBall_Car.mp4', 'INPOS_BallCar_Car.mp4', 'INNEG_CupSpoon_Cup.mp4', 'INNEG_SpoonCup_Cup.mp4']}",3,9,1,"O_intro_S","Intro","DuckBear",NA,9.32811622996815,2,2.7187440560665,2,2.23303308986157
"60",3,"AuMa",26,18,"f","{'ConPos': ['CONPOS_AppleBanana_Apple.mp4', 'CONPOS_BananaApple_Apple.mp4'], 'ConNeg': ['CONNEG_BearDuck_Bear.mp4', 'CONNEG_DuckBear_Bear.mp4'], 'P_intro': ['intro.mp4'], 'O_intro': ['Intro_AppleBanana.mp4', 'Intro_DuckBear.mp4', 'Intro_BallCar.mp4', 'Intro_CupSpoon.mp4'], 'O_intro_S': ['AB_intro_S.png', 'BD_intro_S.png', 'BC_intro_S.png', 'CS_intro_S.png'], 'Still': ['AB_A.png', 'BA_A.png', 'BD_B.png', 'DB_B.png', 'CB_C.png', 'BC_C.png', 'CS_C.png', 'SC_C.png'], 'Test': ['INPOS_CarBall_Car.mp4', 'INPOS_BallCar_Car.mp4', 'INNEG_CupSpoon_Cup.mp4', 'INNEG_SpoonCup_Cup.mp4']}",3,10,1,"ConNeg","CONNEG","BearDuck","Bear",24.1253709599841,1,0,0,3.18326402368648
"61",3,"AuMa",26,18,"f","{'ConPos': ['CONPOS_AppleBanana_Apple.mp4', 'CONPOS_BananaApple_Apple.mp4'], 'ConNeg': ['CONNEG_BearDuck_Bear.mp4', 'CONNEG_DuckBear_Bear.mp4'], 'P_intro': ['intro.mp4'], 'O_intro': ['Intro_AppleBanana.mp4', 'Intro_DuckBear.mp4', 'Intro_BallCar.mp4', 'Intro_CupSpoon.mp4'], 'O_intro_S': ['AB_intro_S.png', 'BD_intro_S.png', 'BC_intro_S.png', 'CS_intro_S.png'], 'Still': ['AB_A.png', 'BA_A.png', 'BD_B.png', 'DB_B.png', 'CB_C.png', 'BC_C.png', 'CS_C.png', 'SC_C.png'], 'Test': ['INPOS_CarBall_Car.mp4', 'INPOS_BallCar_Car.mp4', 'INNEG_CupSpoon_Cup.mp4', 'INNEG_SpoonCup_Cup.mp4']}",3,11,1,"Still","CONNEG","BearDuck","Bear",12.5161557110259,1,2.00154562399257,1,2.5270202666869
"62",3,"AuMa",26,18,"f","{'ConPos': ['CONPOS_AppleBanana_Apple.mp4', 'CONPOS_BananaApple_Apple.mp4'], 'ConNeg': ['CONNEG_BearDuck_Bear.mp4', 'CONNEG_DuckBear_Bear.mp4'], 'P_intro': ['intro.mp4'], 'O_intro': ['Intro_AppleBanana.mp4', 'Intro_DuckBear.mp4', 'Intro_BallCar.mp4', 'Intro_CupSpoon.mp4'], 'O_intro_S': ['AB_intro_S.png', 'BD_intro_S.png', 'BC_intro_S.png', 'CS_intro_S.png'], 'Still': ['AB_A.png', 'BA_A.png', 'BD_B.png', 'DB_B.png', 'CB_C.png', 'BC_C.png', 'CS_C.png', 'SC_C.png'], 'Test': ['INPOS_CarBall_Car.mp4', 'INPOS_BallCar_Car.mp4', 'INNEG_CupSpoon_Cup.mp4', 'INNEG_SpoonCup_Cup.mp4']}",3,12,1,"ConNeg","CONNEG","DuckBear","Bear",24.1254686600296,1,0,0,3.18326807335883
"63",3,"AuMa",26,18,"f","{'ConPos': ['CONPOS_AppleBanana_Apple.mp4', 'CONPOS_BananaApple_Apple.mp4'], 'ConNeg': ['CONNEG_BearDuck_Bear.mp4', 'CONNEG_DuckBear_Bear.mp4'], 'P_intro': ['intro.mp4'], 'O_intro': ['Intro_AppleBanana.mp4', 'Intro_DuckBear.mp4', 'Intro_BallCar.mp4', 'Intro_CupSpoon.mp4'], 'O_intro_S': ['AB_intro_S.png', 'BD_intro_S.png', 'BC_intro_S.png', 'CS_intro_S.png'], 'Still': ['AB_A.png', 'BA_A.png', 'BD_B.png', 'DB_B.png', 'CB_C.png', 'BC_C.png', 'CS_C.png', 'SC_C.png'], 'Test': ['INPOS_CarBall_Car.mp4', 'INPOS_BallCar_Car.mp4', 'INNEG_CupSpoon_Cup.mp4', 'INNEG_SpoonCup_Cup.mp4']}",3,13,1,"Still","CONNEG","DuckBear","Bear",16.4356938800775,1,2.00149553304072,1,2.79945542588285
"64",3,"AuMa",26,18,"f","{'ConPos': ['CONPOS_AppleBanana_Apple.mp4', 'CONPOS_BananaApple_Apple.mp4'], 'ConNeg': ['CONNEG_BearDuck_Bear.mp4', 'CONNEG_DuckBear_Bear.mp4'], 'P_intro': ['intro.mp4'], 'O_intro': ['Intro_AppleBanana.mp4', 'Intro_DuckBear.mp4', 'Intro_BallCar.mp4', 'Intro_CupSpoon.mp4'], 'O_intro_S': ['AB_intro_S.png', 'BD_intro_S.png', 'BC_intro_S.png', 'CS_intro_S.png'], 'Still': ['AB_A.png', 'BA_A.png', 'BD_B.png', 'DB_B.png', 'CB_C.png', 'BC_C.png', 'CS_C.png', 'SC_C.png'], 'Test': ['INPOS_CarBall_Car.mp4', 'INPOS_BallCar_Car.mp4', 'INNEG_CupSpoon_Cup.mp4', 'INNEG_SpoonCup_Cup.mp4']}",3,14,1,"O_intro","Intro","BallCar",NA,25.5594166730298,1,0,0,3.24100580737997
"65",3,"AuMa",26,18,"f","{'ConPos': ['CONPOS_AppleBanana_Apple.mp4', 'CONPOS_BananaApple_Apple.mp4'], 'ConNeg': ['CONNEG_BearDuck_Bear.mp4', 'CONNEG_DuckBear_Bear.mp4'], 'P_intro': ['intro.mp4'], 'O_intro': ['Intro_AppleBanana.mp4', 'Intro_DuckBear.mp4', 'Intro_BallCar.mp4', 'Intro_CupSpoon.mp4'], 'O_intro_S': ['AB_intro_S.png', 'BD_intro_S.png', 'BC_intro_S.png', 'CS_intro_S.png'], 'Still': ['AB_A.png', 'BA_A.png', 'BD_B.png', 'DB_B.png', 'CB_C.png', 'BC_C.png', 'CS_C.png', 'SC_C.png'], 'Test': ['INPOS_CarBall_Car.mp4', 'INPOS_BallCar_Car.mp4', 'INNEG_CupSpoon_Cup.mp4', 'INNEG_SpoonCup_Cup.mp4']}",3,15,1,"O_intro_S","Intro","BallCar",NA,4.26009057101328,1,2.00148128496949,1,1.44929042085651
"66",3,"AuMa",26,18,"f","{'ConPos': ['CONPOS_AppleBanana_Apple.mp4', 'CONPOS_BananaApple_Apple.mp4'], 'ConNeg': ['CONNEG_BearDuck_Bear.mp4', 'CONNEG_DuckBear_Bear.mp4'], 'P_intro': ['intro.mp4'], 'O_intro': ['Intro_AppleBanana.mp4', 'Intro_DuckBear.mp4', 'Intro_BallCar.mp4', 'Intro_CupSpoon.mp4'], 'O_intro_S': ['AB_intro_S.png', 'BD_intro_S.png', 'BC_intro_S.png', 'CS_intro_S.png'], 'Still': ['AB_A.png', 'BA_A.png', 'BD_B.png', 'DB_B.png', 'CB_C.png', 'BC_C.png', 'CS_C.png', 'SC_C.png'], 'Test': ['INPOS_CarBall_Car.mp4', 'INPOS_BallCar_Car.mp4', 'INNEG_CupSpoon_Cup.mp4', 'INNEG_SpoonCup_Cup.mp4']}",3,16,1,"Test","INPOS","CarBall","Car",24.0553491489263,1,0,0,3.18035738965537
"67",3,"AuMa",26,18,"f","{'ConPos': ['CONPOS_AppleBanana_Apple.mp4', 'CONPOS_BananaApple_Apple.mp4'], 'ConNeg': ['CONNEG_BearDuck_Bear.mp4', 'CONNEG_DuckBear_Bear.mp4'], 'P_intro': ['intro.mp4'], 'O_intro': ['Intro_AppleBanana.mp4', 'Intro_DuckBear.mp4', 'Intro_BallCar.mp4', 'Intro_CupSpoon.mp4'], 'O_intro_S': ['AB_intro_S.png', 'BD_intro_S.png', 'BC_intro_S.png', 'CS_intro_S.png'], 'Still': ['AB_A.png', 'BA_A.png', 'BD_B.png', 'DB_B.png', 'CB_C.png', 'BC_C.png', 'CS_C.png', 'SC_C.png'], 'Test': ['INPOS_CarBall_Car.mp4', 'INPOS_BallCar_Car.mp4', 'INNEG_CupSpoon_Cup.mp4', 'INNEG_SpoonCup_Cup.mp4']}",3,17,1,"Still","INPOS","CarBall","Car",10.5814014510252,1,2.00152367504779,1,2.35909787994751
"68",3,"AuMa",26,18,"f","{'ConPos': ['CONPOS_AppleBanana_Apple.mp4', 'CONPOS_BananaApple_Apple.mp4'], 'ConNeg': ['CONNEG_BearDuck_Bear.mp4', 'CONNEG_DuckBear_Bear.mp4'], 'P_intro': ['intro.mp4'], 'O_intro': ['Intro_AppleBanana.mp4', 'Intro_DuckBear.mp4', 'Intro_BallCar.mp4', 'Intro_CupSpoon.mp4'], 'O_intro_S': ['AB_intro_S.png', 'BD_intro_S.png', 'BC_intro_S.png', 'CS_intro_S.png'], 'Still': ['AB_A.png', 'BA_A.png', 'BD_B.png', 'DB_B.png', 'CB_C.png', 'BC_C.png', 'CS_C.png', 'SC_C.png'], 'Test': ['INPOS_CarBall_Car.mp4', 'INPOS_BallCar_Car.mp4', 'INNEG_CupSpoon_Cup.mp4', 'INNEG_SpoonCup_Cup.mp4']}",3,18,1,"Test","INPOS","BallCar","Car",24.1254496570909,1,0,0,3.18326728568725
"69",3,"AuMa",26,18,"f","{'ConPos': ['CONPOS_AppleBanana_Apple.mp4', 'CONPOS_BananaApple_Apple.mp4'], 'ConNeg': ['CONNEG_BearDuck_Bear.mp4', 'CONNEG_DuckBear_Bear.mp4'], 'P_intro': ['intro.mp4'], 'O_intro': ['Intro_AppleBanana.mp4', 'Intro_DuckBear.mp4', 'Intro_BallCar.mp4', 'Intro_CupSpoon.mp4'], 'O_intro_S': ['AB_intro_S.png', 'BD_intro_S.png', 'BC_intro_S.png', 'CS_intro_S.png'], 'Still': ['AB_A.png', 'BA_A.png', 'BD_B.png', 'DB_B.png', 'CB_C.png', 'BC_C.png', 'CS_C.png', 'SC_C.png'], 'Test': ['INPOS_CarBall_Car.mp4', 'INPOS_BallCar_Car.mp4', 'INNEG_CupSpoon_Cup.mp4', 'INNEG_SpoonCup_Cup.mp4']}",3,19,1,"Still","INPOS","BallCar","Car",5.64326528995298,1,2.00150652509183,1,1.73046285010117
"70",3,"AuMa",26,18,"f","{'ConPos': ['CONPOS_AppleBanana_Apple.mp4', 'CONPOS_BananaApple_Apple.mp4'], 'ConNeg': ['CONNEG_BearDuck_Bear.mp4', 'CONNEG_DuckBear_Bear.mp4'], 'P_intro': ['intro.mp4'], 'O_intro': ['Intro_AppleBanana.mp4', 'Intro_DuckBear.mp4', 'Intro_BallCar.mp4', 'Intro_CupSpoon.mp4'], 'O_intro_S': ['AB_intro_S.png', 'BD_intro_S.png', 'BC_intro_S.png', 'CS_intro_S.png'], 'Still': ['AB_A.png', 'BA_A.png', 'BD_B.png', 'DB_B.png', 'CB_C.png', 'BC_C.png', 'CS_C.png', 'SC_C.png'], 'Test': ['INPOS_CarBall_Car.mp4', 'INPOS_BallCar_Car.mp4', 'INNEG_CupSpoon_Cup.mp4', 'INNEG_SpoonCup_Cup.mp4']}",3,20,1,"O_intro","Intro","CupSpoon",NA,31.2638152529253,1,0,0,3.44246136658387
"71",3,"AuMa",26,18,"f","{'ConPos': ['CONPOS_AppleBanana_Apple.mp4', 'CONPOS_BananaApple_Apple.mp4'], 'ConNeg': ['CONNEG_BearDuck_Bear.mp4', 'CONNEG_DuckBear_Bear.mp4'], 'P_intro': ['intro.mp4'], 'O_intro': ['Intro_AppleBanana.mp4', 'Intro_DuckBear.mp4', 'Intro_BallCar.mp4', 'Intro_CupSpoon.mp4'], 'O_intro_S': ['AB_intro_S.png', 'BD_intro_S.png', 'BC_intro_S.png', 'CS_intro_S.png'], 'Still': ['AB_A.png', 'BA_A.png', 'BD_B.png', 'DB_B.png', 'CB_C.png', 'BC_C.png', 'CS_C.png', 'SC_C.png'], 'Test': ['INPOS_CarBall_Car.mp4', 'INPOS_BallCar_Car.mp4', 'INNEG_CupSpoon_Cup.mp4', 'INNEG_SpoonCup_Cup.mp4']}",3,21,1,"O_intro_S","Intro","CupSpoon",NA,12.5156525371131,3,4.7536856160732,3,2.52698006392504
"72",3,"AuMa",26,18,"f","{'ConPos': ['CONPOS_AppleBanana_Apple.mp4', 'CONPOS_BananaApple_Apple.mp4'], 'ConNeg': ['CONNEG_BearDuck_Bear.mp4', 'CONNEG_DuckBear_Bear.mp4'], 'P_intro': ['intro.mp4'], 'O_intro': ['Intro_AppleBanana.mp4', 'Intro_DuckBear.mp4', 'Intro_BallCar.mp4', 'Intro_CupSpoon.mp4'], 'O_intro_S': ['AB_intro_S.png', 'BD_intro_S.png', 'BC_intro_S.png', 'CS_intro_S.png'], 'Still': ['AB_A.png', 'BA_A.png', 'BD_B.png', 'DB_B.png', 'CB_C.png', 'BC_C.png', 'CS_C.png', 'SC_C.png'], 'Test': ['INPOS_CarBall_Car.mp4', 'INPOS_BallCar_Car.mp4', 'INNEG_CupSpoon_Cup.mp4', 'INNEG_SpoonCup_Cup.mp4']}",3,22,1,"Test","INNEG","CupSpoon","Cup",24.1594740489963,1,0,0,3.18467660333447
"73",3,"AuMa",26,18,"f","{'ConPos': ['CONPOS_AppleBanana_Apple.mp4', 'CONPOS_BananaApple_Apple.mp4'], 'ConNeg': ['CONNEG_BearDuck_Bear.mp4', 'CONNEG_DuckBear_Bear.mp4'], 'P_intro': ['intro.mp4'], 'O_intro': ['Intro_AppleBanana.mp4', 'Intro_DuckBear.mp4', 'Intro_BallCar.mp4', 'Intro_CupSpoon.mp4'], 'O_intro_S': ['AB_intro_S.png', 'BD_intro_S.png', 'BC_intro_S.png', 'CS_intro_S.png'], 'Still': ['AB_A.png', 'BA_A.png', 'BD_B.png', 'DB_B.png', 'CB_C.png', 'BC_C.png', 'CS_C.png', 'SC_C.png'], 'Test': ['INPOS_CarBall_Car.mp4', 'INPOS_BallCar_Car.mp4', 'INNEG_CupSpoon_Cup.mp4', 'INNEG_SpoonCup_Cup.mp4']}",3,23,1,"Still","INNEG","CupSpoon","Cup",9.28013450314756,2,2.38518684904557,2,2.22787604056673
"74",3,"AuMa",26,18,"f","{'ConPos': ['CONPOS_AppleBanana_Apple.mp4', 'CONPOS_BananaApple_Apple.mp4'], 'ConNeg': ['CONNEG_BearDuck_Bear.mp4', 'CONNEG_DuckBear_Bear.mp4'], 'P_intro': ['intro.mp4'], 'O_intro': ['Intro_AppleBanana.mp4', 'Intro_DuckBear.mp4', 'Intro_BallCar.mp4', 'Intro_CupSpoon.mp4'], 'O_intro_S': ['AB_intro_S.png', 'BD_intro_S.png', 'BC_intro_S.png', 'CS_intro_S.png'], 'Still': ['AB_A.png', 'BA_A.png', 'BD_B.png', 'DB_B.png', 'CB_C.png', 'BC_C.png', 'CS_C.png', 'SC_C.png'], 'Test': ['INPOS_CarBall_Car.mp4', 'INPOS_BallCar_Car.mp4', 'INNEG_CupSpoon_Cup.mp4', 'INNEG_SpoonCup_Cup.mp4']}",3,24,1,"Test","INNEG","SpoonCup","Cup",24.1257072379813,1,0,0,3.18327796235935
"75",3,"AuMa",26,18,"f","{'ConPos': ['CONPOS_AppleBanana_Apple.mp4', 'CONPOS_BananaApple_Apple.mp4'], 'ConNeg': ['CONNEG_BearDuck_Bear.mp4', 'CONNEG_DuckBear_Bear.mp4'], 'P_intro': ['intro.mp4'], 'O_intro': ['Intro_AppleBanana.mp4', 'Intro_DuckBear.mp4', 'Intro_BallCar.mp4', 'Intro_CupSpoon.mp4'], 'O_intro_S': ['AB_intro_S.png', 'BD_intro_S.png', 'BC_intro_S.png', 'CS_intro_S.png'], 'Still': ['AB_A.png', 'BA_A.png', 'BD_B.png', 'DB_B.png', 'CB_C.png', 'BC_C.png', 'CS_C.png', 'SC_C.png'], 'Test': ['INPOS_CarBall_Car.mp4', 'INPOS_BallCar_Car.mp4', 'INNEG_CupSpoon_Cup.mp4', 'INNEG_SpoonCup_Cup.mp4']}",3,25,1,"Still","INNEG","SpoonCup","Cup",9.8470144609455,3,3.26908481807914,3,2.28716830882816
