snum,months,days,sex,cond,GNG,gazeOnOff,trial,trialType,startTime,endTime,duration
2,28,6,f,"{'ConPos': ['CONPOS_BananaApple_Banana.mp4', 'CONPOS_AppleBanana_Banana.mp4'], 'ConNeg': ['CONNEG_BallCar_Ball.mp4', 'CONNEG_CarBall_Ball.mp4'], 'P_intro': ['intro.mp4'], 'O_intro': ['Intro_AppleBanana.mp4', 'Intro_BallCar.mp4', 'Intro_CupSpoon.mp4', 'Intro_DuckBear.mp4'], 'O_intro_S': ['AB_intro_S.png', 'BC_intro_S.png', 'CS_intro_S.png', 'BD_intro_S.png'], 'Still': ['BA_B.png', 'AB_B.png', 'BC_B.png', 'CB_B.png', 'SC_C.png', 'CS_C.png', 'DB_B.png', 'BD_B.png'], 'Test': ['INPOS_SpoonCup_Cup.mp4', 'INPOS_CupSpoon_Cup.mp4', 'INNEG_DuckBear_Bear.mp4', 'INNEG_BearDuck_Bear.mp4']}",1,1,1,P_intro,0,17.834775022929534,17.834775022929534
2,28,6,f,"{'ConPos': ['CONPOS_BananaApple_Banana.mp4', 'CONPOS_AppleBanana_Banana.mp4'], 'ConNeg': ['CONNEG_BallCar_Ball.mp4', 'CONNEG_CarBall_Ball.mp4'], 'P_intro': ['intro.mp4'], 'O_intro': ['Intro_AppleBanana.mp4', 'Intro_BallCar.mp4', 'Intro_CupSpoon.mp4', 'Intro_DuckBear.mp4'], 'O_intro_S': ['AB_intro_S.png', 'BC_intro_S.png', 'CS_intro_S.png', 'BD_intro_S.png'], 'Still': ['BA_B.png', 'AB_B.png', 'BC_B.png', 'CB_B.png', 'SC_C.png', 'CS_C.png', 'DB_B.png', 'BD_B.png'], 'Test': ['INPOS_SpoonCup_Cup.mp4', 'INPOS_CupSpoon_Cup.mp4', 'INNEG_DuckBear_Bear.mp4', 'INNEG_BearDuck_Bear.mp4']}",1,1,2,O_intro,0,13.384565240005031,13.384565240005031
2,28,6,f,"{'ConPos': ['CONPOS_BananaApple_Banana.mp4', 'CONPOS_AppleBanana_Banana.mp4'], 'ConNeg': ['CONNEG_BallCar_Ball.mp4', 'CONNEG_CarBall_Ball.mp4'], 'P_intro': ['intro.mp4'], 'O_intro': ['Intro_AppleBanana.mp4', 'Intro_BallCar.mp4', 'Intro_CupSpoon.mp4', 'Intro_DuckBear.mp4'], 'O_intro_S': ['AB_intro_S.png', 'BC_intro_S.png', 'CS_intro_S.png', 'BD_intro_S.png'], 'Still': ['BA_B.png', 'AB_B.png', 'BC_B.png', 'CB_B.png', 'SC_C.png', 'CS_C.png', 'DB_B.png', 'BD_B.png'], 'Test': ['INPOS_SpoonCup_Cup.mp4', 'INPOS_CupSpoon_Cup.mp4', 'INNEG_DuckBear_Bear.mp4', 'INNEG_BearDuck_Bear.mp4']}",1,0,2,O_intro,13.384566261083819,13.83484678401146,0.45028052292764187
2,28,6,f,"{'ConPos': ['CONPOS_BananaApple_Banana.mp4', 'CONPOS_AppleBanana_Banana.mp4'], 'ConNeg': ['CONNEG_BallCar_Ball.mp4', 'CONNEG_CarBall_Ball.mp4'], 'P_intro': ['intro.mp4'], 'O_intro': ['Intro_AppleBanana.mp4', 'Intro_BallCar.mp4', 'Intro_CupSpoon.mp4', 'Intro_DuckBear.mp4'], 'O_intro_S': ['AB_intro_S.png', 'BC_intro_S.png', 'CS_intro_S.png', 'BD_intro_S.png'], 'Still': ['BA_B.png', 'AB_B.png', 'BC_B.png', 'CB_B.png', 'SC_C.png', 'CS_C.png', 'DB_B.png', 'BD_B.png'], 'Test': ['INPOS_SpoonCup_Cup.mp4', 'INPOS_CupSpoon_Cup.mp4', 'INNEG_DuckBear_Bear.mp4', 'INNEG_BearDuck_Bear.mp4']}",1,1,2,O_intro,13.83484614500776,20.656744309002534,6.821898163994774
2,28,6,f,"{'ConPos': ['CONPOS_BananaApple_Banana.mp4', 'CONPOS_AppleBanana_Banana.mp4'], 'ConNeg': ['CONNEG_BallCar_Ball.mp4', 'CONNEG_CarBall_Ball.mp4'], 'P_intro': ['intro.mp4'], 'O_intro': ['Intro_AppleBanana.mp4', 'Intro_BallCar.mp4', 'Intro_CupSpoon.mp4', 'Intro_DuckBear.mp4'], 'O_intro_S': ['AB_intro_S.png', 'BC_intro_S.png', 'CS_intro_S.png', 'BD_intro_S.png'], 'Still': ['BA_B.png', 'AB_B.png', 'BC_B.png', 'CB_B.png', 'SC_C.png', 'CS_C.png', 'DB_B.png', 'BD_B.png'], 'Test': ['INPOS_SpoonCup_Cup.mp4', 'INPOS_CupSpoon_Cup.mp4', 'INNEG_DuckBear_Bear.mp4', 'INNEG_BearDuck_Bear.mp4']}",1,0,2,O_intro,20.656745289103128,21.123810108052567,0.46706481894943863
2,28,6,f,"{'ConPos': ['CONPOS_BananaApple_Banana.mp4', 'CONPOS_AppleBanana_Banana.mp4'], 'ConNeg': ['CONNEG_BallCar_Ball.mp4', 'CONNEG_CarBall_Ball.mp4'], 'P_intro': ['intro.mp4'], 'O_intro': ['Intro_AppleBanana.mp4', 'Intro_BallCar.mp4', 'Intro_CupSpoon.mp4', 'Intro_DuckBear.mp4'], 'O_intro_S': ['AB_intro_S.png', 'BC_intro_S.png', 'CS_intro_S.png', 'BD_intro_S.png'], 'Still': ['BA_B.png', 'AB_B.png', 'BC_B.png', 'CB_B.png', 'SC_C.png', 'CS_C.png', 'DB_B.png', 'BD_B.png'], 'Test': ['INPOS_SpoonCup_Cup.mp4', 'INPOS_CupSpoon_Cup.mp4', 'INNEG_DuckBear_Bear.mp4', 'INNEG_BearDuck_Bear.mp4']}",1,1,2,O_intro,21.1238090650877,25.227047019987367,4.103237954899669
2,28,6,f,"{'ConPos': ['CONPOS_BananaApple_Banana.mp4', 'CONPOS_AppleBanana_Banana.mp4'], 'ConNeg': ['CONNEG_BallCar_Ball.mp4', 'CONNEG_CarBall_Ball.mp4'], 'P_intro': ['intro.mp4'], 'O_intro': ['Intro_AppleBanana.mp4', 'Intro_BallCar.mp4', 'Intro_CupSpoon.mp4', 'Intro_DuckBear.mp4'], 'O_intro_S': ['AB_intro_S.png', 'BC_intro_S.png', 'CS_intro_S.png', 'BD_intro_S.png'], 'Still': ['BA_B.png', 'AB_B.png', 'BC_B.png', 'CB_B.png', 'SC_C.png', 'CS_C.png', 'DB_B.png', 'BD_B.png'], 'Test': ['INPOS_SpoonCup_Cup.mp4', 'INPOS_CupSpoon_Cup.mp4', 'INNEG_DuckBear_Bear.mp4', 'INNEG_BearDuck_Bear.mp4']}",1,1,3,O_intro_S,0,3.0064670210704207,3.0064670210704207
2,28,6,f,"{'ConPos': ['CONPOS_BananaApple_Banana.mp4', 'CONPOS_AppleBanana_Banana.mp4'], 'ConNeg': ['CONNEG_BallCar_Ball.mp4', 'CONNEG_CarBall_Ball.mp4'], 'P_intro': ['intro.mp4'], 'O_intro': ['Intro_AppleBanana.mp4', 'Intro_BallCar.mp4', 'Intro_CupSpoon.mp4', 'Intro_DuckBear.mp4'], 'O_intro_S': ['AB_intro_S.png', 'BC_intro_S.png', 'CS_intro_S.png', 'BD_intro_S.png'], 'Still': ['BA_B.png', 'AB_B.png', 'BC_B.png', 'CB_B.png', 'SC_C.png', 'CS_C.png', 'DB_B.png', 'BD_B.png'], 'Test': ['INPOS_SpoonCup_Cup.mp4', 'INPOS_CupSpoon_Cup.mp4', 'INNEG_DuckBear_Bear.mp4', 'INNEG_BearDuck_Bear.mp4']}",1,0,3,O_intro_S,3.006468835985288,3.4067743989871815,0.40030556300189346
2,28,6,f,"{'ConPos': ['CONPOS_BananaApple_Banana.mp4', 'CONPOS_AppleBanana_Banana.mp4'], 'ConNeg': ['CONNEG_BallCar_Ball.mp4', 'CONNEG_CarBall_Ball.mp4'], 'P_intro': ['intro.mp4'], 'O_intro': ['Intro_AppleBanana.mp4', 'Intro_BallCar.mp4', 'Intro_CupSpoon.mp4', 'Intro_DuckBear.mp4'], 'O_intro_S': ['AB_intro_S.png', 'BC_intro_S.png', 'CS_intro_S.png', 'BD_intro_S.png'], 'Still': ['BA_B.png', 'AB_B.png', 'BC_B.png', 'CB_B.png', 'SC_C.png', 'CS_C.png', 'DB_B.png', 'BD_B.png'], 'Test': ['INPOS_SpoonCup_Cup.mp4', 'INPOS_CupSpoon_Cup.mp4', 'INNEG_DuckBear_Bear.mp4', 'INNEG_BearDuck_Bear.mp4']}",1,1,3,O_intro_S,3.406773396069184,5.558389020967297,2.1516156248981133
2,28,6,f,"{'ConPos': ['CONPOS_BananaApple_Banana.mp4', 'CONPOS_AppleBanana_Banana.mp4'], 'ConNeg': ['CONNEG_BallCar_Ball.mp4', 'CONNEG_CarBall_Ball.mp4'], 'P_intro': ['intro.mp4'], 'O_intro': ['Intro_AppleBanana.mp4', 'Intro_BallCar.mp4', 'Intro_CupSpoon.mp4', 'Intro_DuckBear.mp4'], 'O_intro_S': ['AB_intro_S.png', 'BC_intro_S.png', 'CS_intro_S.png', 'BD_intro_S.png'], 'Still': ['BA_B.png', 'AB_B.png', 'BC_B.png', 'CB_B.png', 'SC_C.png', 'CS_C.png', 'DB_B.png', 'BD_B.png'], 'Test': ['INPOS_SpoonCup_Cup.mp4', 'INPOS_CupSpoon_Cup.mp4', 'INNEG_DuckBear_Bear.mp4', 'INNEG_BearDuck_Bear.mp4']}",1,0,3,O_intro_S,5.558390029007569,6.258941414067522,0.7005513850599527
2,28,6,f,"{'ConPos': ['CONPOS_BananaApple_Banana.mp4', 'CONPOS_AppleBanana_Banana.mp4'], 'ConNeg': ['CONNEG_BallCar_Ball.mp4', 'CONNEG_CarBall_Ball.mp4'], 'P_intro': ['intro.mp4'], 'O_intro': ['Intro_AppleBanana.mp4', 'Intro_BallCar.mp4', 'Intro_CupSpoon.mp4', 'Intro_DuckBear.mp4'], 'O_intro_S': ['AB_intro_S.png', 'BC_intro_S.png', 'CS_intro_S.png', 'BD_intro_S.png'], 'Still': ['BA_B.png', 'AB_B.png', 'BC_B.png', 'CB_B.png', 'SC_C.png', 'CS_C.png', 'DB_B.png', 'BD_B.png'], 'Test': ['INPOS_SpoonCup_Cup.mp4', 'INPOS_CupSpoon_Cup.mp4', 'INNEG_DuckBear_Bear.mp4', 'INNEG_BearDuck_Bear.mp4']}",1,1,3,O_intro_S,6.25894084002357,7.559951210976578,1.3010103709530085
2,28,6,f,"{'ConPos': ['CONPOS_BananaApple_Banana.mp4', 'CONPOS_AppleBanana_Banana.mp4'], 'ConNeg': ['CONNEG_BallCar_Ball.mp4', 'CONNEG_CarBall_Ball.mp4'], 'P_intro': ['intro.mp4'], 'O_intro': ['Intro_AppleBanana.mp4', 'Intro_BallCar.mp4', 'Intro_CupSpoon.mp4', 'Intro_DuckBear.mp4'], 'O_intro_S': ['AB_intro_S.png', 'BC_intro_S.png', 'CS_intro_S.png', 'BD_intro_S.png'], 'Still': ['BA_B.png', 'AB_B.png', 'BC_B.png', 'CB_B.png', 'SC_C.png', 'CS_C.png', 'DB_B.png', 'BD_B.png'], 'Test': ['INPOS_SpoonCup_Cup.mp4', 'INPOS_CupSpoon_Cup.mp4', 'INNEG_DuckBear_Bear.mp4', 'INNEG_BearDuck_Bear.mp4']}",1,0,3,O_intro_S,7.559952195035294,8.510671474039555,0.9507192790042609
2,28,6,f,"{'ConPos': ['CONPOS_BananaApple_Banana.mp4', 'CONPOS_AppleBanana_Banana.mp4'], 'ConNeg': ['CONNEG_BallCar_Ball.mp4', 'CONNEG_CarBall_Ball.mp4'], 'P_intro': ['intro.mp4'], 'O_intro': ['Intro_AppleBanana.mp4', 'Intro_BallCar.mp4', 'Intro_CupSpoon.mp4', 'Intro_DuckBear.mp4'], 'O_intro_S': ['AB_intro_S.png', 'BC_intro_S.png', 'CS_intro_S.png', 'BD_intro_S.png'], 'Still': ['BA_B.png', 'AB_B.png', 'BC_B.png', 'CB_B.png', 'SC_C.png', 'CS_C.png', 'DB_B.png', 'BD_B.png'], 'Test': ['INPOS_SpoonCup_Cup.mp4', 'INPOS_CupSpoon_Cup.mp4', 'INNEG_DuckBear_Bear.mp4', 'INNEG_BearDuck_Bear.mp4']}",1,1,3,O_intro_S,8.510670835967176,9.478107391973026,0.9674365560058504
2,28,6,f,"{'ConPos': ['CONPOS_BananaApple_Banana.mp4', 'CONPOS_AppleBanana_Banana.mp4'], 'ConNeg': ['CONNEG_BallCar_Ball.mp4', 'CONNEG_CarBall_Ball.mp4'], 'P_intro': ['intro.mp4'], 'O_intro': ['Intro_AppleBanana.mp4', 'Intro_BallCar.mp4', 'Intro_CupSpoon.mp4', 'Intro_DuckBear.mp4'], 'O_intro_S': ['AB_intro_S.png', 'BC_intro_S.png', 'CS_intro_S.png', 'BD_intro_S.png'], 'Still': ['BA_B.png', 'AB_B.png', 'BC_B.png', 'CB_B.png', 'SC_C.png', 'CS_C.png', 'DB_B.png', 'BD_B.png'], 'Test': ['INPOS_SpoonCup_Cup.mp4', 'INPOS_CupSpoon_Cup.mp4', 'INNEG_DuckBear_Bear.mp4', 'INNEG_BearDuck_Bear.mp4']}",1,0,3,O_intro_S,9.478108481969684,10.262058263993822,0.7839497820241377
2,28,6,f,"{'ConPos': ['CONPOS_BananaApple_Banana.mp4', 'CONPOS_AppleBanana_Banana.mp4'], 'ConNeg': ['CONNEG_BallCar_Ball.mp4', 'CONNEG_CarBall_Ball.mp4'], 'P_intro': ['intro.mp4'], 'O_intro': ['Intro_AppleBanana.mp4', 'Intro_BallCar.mp4', 'Intro_CupSpoon.mp4', 'Intro_DuckBear.mp4'], 'O_intro_S': ['AB_intro_S.png', 'BC_intro_S.png', 'CS_intro_S.png', 'BD_intro_S.png'], 'Still': ['BA_B.png', 'AB_B.png', 'BC_B.png', 'CB_B.png', 'SC_C.png', 'CS_C.png', 'DB_B.png', 'BD_B.png'], 'Test': ['INPOS_SpoonCup_Cup.mp4', 'INPOS_CupSpoon_Cup.mp4', 'INNEG_DuckBear_Bear.mp4', 'INNEG_BearDuck_Bear.mp4']}",1,1,3,O_intro_S,10.262057694955729,11.129376715049148,0.8673190200934187
2,28,6,f,"{'ConPos': ['CONPOS_BananaApple_Banana.mp4', 'CONPOS_AppleBanana_Banana.mp4'], 'ConNeg': ['CONNEG_BallCar_Ball.mp4', 'CONNEG_CarBall_Ball.mp4'], 'P_intro': ['intro.mp4'], 'O_intro': ['Intro_AppleBanana.mp4', 'Intro_BallCar.mp4', 'Intro_CupSpoon.mp4', 'Intro_DuckBear.mp4'], 'O_intro_S': ['AB_intro_S.png', 'BC_intro_S.png', 'CS_intro_S.png', 'BD_intro_S.png'], 'Still': ['BA_B.png', 'AB_B.png', 'BC_B.png', 'CB_B.png', 'SC_C.png', 'CS_C.png', 'DB_B.png', 'BD_B.png'], 'Test': ['INPOS_SpoonCup_Cup.mp4', 'INPOS_CupSpoon_Cup.mp4', 'INNEG_DuckBear_Bear.mp4', 'INNEG_BearDuck_Bear.mp4']}",1,0,3,O_intro_S,11.129377722041681,13.130876778974198,2.0014990569325164
2,28,6,f,"{'ConPos': ['CONPOS_BananaApple_Banana.mp4', 'CONPOS_AppleBanana_Banana.mp4'], 'ConNeg': ['CONNEG_BallCar_Ball.mp4', 'CONNEG_CarBall_Ball.mp4'], 'P_intro': ['intro.mp4'], 'O_intro': ['Intro_AppleBanana.mp4', 'Intro_BallCar.mp4', 'Intro_CupSpoon.mp4', 'Intro_DuckBear.mp4'], 'O_intro_S': ['AB_intro_S.png', 'BC_intro_S.png', 'CS_intro_S.png', 'BD_intro_S.png'], 'Still': ['BA_B.png', 'AB_B.png', 'BC_B.png', 'CB_B.png', 'SC_C.png', 'CS_C.png', 'DB_B.png', 'BD_B.png'], 'Test': ['INPOS_SpoonCup_Cup.mp4', 'INPOS_CupSpoon_Cup.mp4', 'INNEG_DuckBear_Bear.mp4', 'INNEG_BearDuck_Bear.mp4']}",1,1,4,ConPos,0,24.059658851008862,24.059658851008862
2,28,6,f,"{'ConPos': ['CONPOS_BananaApple_Banana.mp4', 'CONPOS_AppleBanana_Banana.mp4'], 'ConNeg': ['CONNEG_BallCar_Ball.mp4', 'CONNEG_CarBall_Ball.mp4'], 'P_intro': ['intro.mp4'], 'O_intro': ['Intro_AppleBanana.mp4', 'Intro_BallCar.mp4', 'Intro_CupSpoon.mp4', 'Intro_DuckBear.mp4'], 'O_intro_S': ['AB_intro_S.png', 'BC_intro_S.png', 'CS_intro_S.png', 'BD_intro_S.png'], 'Still': ['BA_B.png', 'AB_B.png', 'BC_B.png', 'CB_B.png', 'SC_C.png', 'CS_C.png', 'DB_B.png', 'BD_B.png'], 'Test': ['INPOS_SpoonCup_Cup.mp4', 'INPOS_CupSpoon_Cup.mp4', 'INNEG_DuckBear_Bear.mp4', 'INNEG_BearDuck_Bear.mp4']}",1,1,5,Still,0,16.450767540023662,16.450767540023662
2,28,6,f,"{'ConPos': ['CONPOS_BananaApple_Banana.mp4', 'CONPOS_AppleBanana_Banana.mp4'], 'ConNeg': ['CONNEG_BallCar_Ball.mp4', 'CONNEG_CarBall_Ball.mp4'], 'P_intro': ['intro.mp4'], 'O_intro': ['Intro_AppleBanana.mp4', 'Intro_BallCar.mp4', 'Intro_CupSpoon.mp4', 'Intro_DuckBear.mp4'], 'O_intro_S': ['AB_intro_S.png', 'BC_intro_S.png', 'CS_intro_S.png', 'BD_intro_S.png'], 'Still': ['BA_B.png', 'AB_B.png', 'BC_B.png', 'CB_B.png', 'SC_C.png', 'CS_C.png', 'DB_B.png', 'BD_B.png'], 'Test': ['INPOS_SpoonCup_Cup.mp4', 'INPOS_CupSpoon_Cup.mp4', 'INNEG_DuckBear_Bear.mp4', 'INNEG_BearDuck_Bear.mp4']}",1,0,5,Still,16.45076944201719,17.201330275973305,0.750560833956115
2,28,6,f,"{'ConPos': ['CONPOS_BananaApple_Banana.mp4', 'CONPOS_AppleBanana_Banana.mp4'], 'ConNeg': ['CONNEG_BallCar_Ball.mp4', 'CONNEG_CarBall_Ball.mp4'], 'P_intro': ['intro.mp4'], 'O_intro': ['Intro_AppleBanana.mp4', 'Intro_BallCar.mp4', 'Intro_CupSpoon.mp4', 'Intro_DuckBear.mp4'], 'O_intro_S': ['AB_intro_S.png', 'BC_intro_S.png', 'CS_intro_S.png', 'BD_intro_S.png'], 'Still': ['BA_B.png', 'AB_B.png', 'BC_B.png', 'CB_B.png', 'SC_C.png', 'CS_C.png', 'DB_B.png', 'BD_B.png'], 'Test': ['INPOS_SpoonCup_Cup.mp4', 'INPOS_CupSpoon_Cup.mp4', 'INNEG_DuckBear_Bear.mp4', 'INNEG_BearDuck_Bear.mp4']}",1,1,5,Still,17.20132964802906,18.569022087962367,1.3676924399333075
2,28,6,f,"{'ConPos': ['CONPOS_BananaApple_Banana.mp4', 'CONPOS_AppleBanana_Banana.mp4'], 'ConNeg': ['CONNEG_BallCar_Ball.mp4', 'CONNEG_CarBall_Ball.mp4'], 'P_intro': ['intro.mp4'], 'O_intro': ['Intro_AppleBanana.mp4', 'Intro_BallCar.mp4', 'Intro_CupSpoon.mp4', 'Intro_DuckBear.mp4'], 'O_intro_S': ['AB_intro_S.png', 'BC_intro_S.png', 'CS_intro_S.png', 'BD_intro_S.png'], 'Still': ['BA_B.png', 'AB_B.png', 'BC_B.png', 'CB_B.png', 'SC_C.png', 'CS_C.png', 'DB_B.png', 'BD_B.png'], 'Test': ['INPOS_SpoonCup_Cup.mp4', 'INPOS_CupSpoon_Cup.mp4', 'INNEG_DuckBear_Bear.mp4', 'INNEG_BearDuck_Bear.mp4']}",1,0,5,Still,18.56902320194058,19.55318194197025,0.9841587400296703
2,28,6,f,"{'ConPos': ['CONPOS_BananaApple_Banana.mp4', 'CONPOS_AppleBanana_Banana.mp4'], 'ConNeg': ['CONNEG_BallCar_Ball.mp4', 'CONNEG_CarBall_Ball.mp4'], 'P_intro': ['intro.mp4'], 'O_intro': ['Intro_AppleBanana.mp4', 'Intro_BallCar.mp4', 'Intro_CupSpoon.mp4', 'Intro_DuckBear.mp4'], 'O_intro_S': ['AB_intro_S.png', 'BC_intro_S.png', 'CS_intro_S.png', 'BD_intro_S.png'], 'Still': ['BA_B.png', 'AB_B.png', 'BC_B.png', 'CB_B.png', 'SC_C.png', 'CS_C.png', 'DB_B.png', 'BD_B.png'], 'Test': ['INPOS_SpoonCup_Cup.mp4', 'INPOS_CupSpoon_Cup.mp4', 'INNEG_DuckBear_Bear.mp4', 'INNEG_BearDuck_Bear.mp4']}",1,1,5,Still,19.553180936956778,20.07020272698719,0.5170217900304124
2,28,6,f,"{'ConPos': ['CONPOS_BananaApple_Banana.mp4', 'CONPOS_AppleBanana_Banana.mp4'], 'ConNeg': ['CONNEG_BallCar_Ball.mp4', 'CONNEG_CarBall_Ball.mp4'], 'P_intro': ['intro.mp4'], 'O_intro': ['Intro_AppleBanana.mp4', 'Intro_BallCar.mp4', 'Intro_CupSpoon.mp4', 'Intro_DuckBear.mp4'], 'O_intro_S': ['AB_intro_S.png', 'BC_intro_S.png', 'CS_intro_S.png', 'BD_intro_S.png'], 'Still': ['BA_B.png', 'AB_B.png', 'BC_B.png', 'CB_B.png', 'SC_C.png', 'CS_C.png', 'DB_B.png', 'BD_B.png'], 'Test': ['INPOS_SpoonCup_Cup.mp4', 'INPOS_CupSpoon_Cup.mp4', 'INNEG_DuckBear_Bear.mp4', 'INNEG_BearDuck_Bear.mp4']}",1,0,5,Still,20.070203749928623,21.471312457928434,1.4011087079998106
2,28,6,f,"{'ConPos': ['CONPOS_BananaApple_Banana.mp4', 'CONPOS_AppleBanana_Banana.mp4'], 'ConNeg': ['CONNEG_BallCar_Ball.mp4', 'CONNEG_CarBall_Ball.mp4'], 'P_intro': ['intro.mp4'], 'O_intro': ['Intro_AppleBanana.mp4', 'Intro_BallCar.mp4', 'Intro_CupSpoon.mp4', 'Intro_DuckBear.mp4'], 'O_intro_S': ['AB_intro_S.png', 'BC_intro_S.png', 'CS_intro_S.png', 'BD_intro_S.png'], 'Still': ['BA_B.png', 'AB_B.png', 'BC_B.png', 'CB_B.png', 'SC_C.png', 'CS_C.png', 'DB_B.png', 'BD_B.png'], 'Test': ['INPOS_SpoonCup_Cup.mp4', 'INPOS_CupSpoon_Cup.mp4', 'INNEG_DuckBear_Bear.mp4', 'INNEG_BearDuck_Bear.mp4']}",1,1,5,Still,21.47131188993808,27.526034020003863,6.054722130065784
2,28,6,f,"{'ConPos': ['CONPOS_BananaApple_Banana.mp4', 'CONPOS_AppleBanana_Banana.mp4'], 'ConNeg': ['CONNEG_BallCar_Ball.mp4', 'CONNEG_CarBall_Ball.mp4'], 'P_intro': ['intro.mp4'], 'O_intro': ['Intro_AppleBanana.mp4', 'Intro_BallCar.mp4', 'Intro_CupSpoon.mp4', 'Intro_DuckBear.mp4'], 'O_intro_S': ['AB_intro_S.png', 'BC_intro_S.png', 'CS_intro_S.png', 'BD_intro_S.png'], 'Still': ['BA_B.png', 'AB_B.png', 'BC_B.png', 'CB_B.png', 'SC_C.png', 'CS_C.png', 'DB_B.png', 'BD_B.png'], 'Test': ['INPOS_SpoonCup_Cup.mp4', 'INPOS_CupSpoon_Cup.mp4', 'INNEG_DuckBear_Bear.mp4', 'INNEG_BearDuck_Bear.mp4']}",1,0,5,Still,27.526035630027764,29.527587514952756,2.001551884924993
2,28,6,f,"{'ConPos': ['CONPOS_BananaApple_Banana.mp4', 'CONPOS_AppleBanana_Banana.mp4'], 'ConNeg': ['CONNEG_BallCar_Ball.mp4', 'CONNEG_CarBall_Ball.mp4'], 'P_intro': ['intro.mp4'], 'O_intro': ['Intro_AppleBanana.mp4', 'Intro_BallCar.mp4', 'Intro_CupSpoon.mp4', 'Intro_DuckBear.mp4'], 'O_intro_S': ['AB_intro_S.png', 'BC_intro_S.png', 'CS_intro_S.png', 'BD_intro_S.png'], 'Still': ['BA_B.png', 'AB_B.png', 'BC_B.png', 'CB_B.png', 'SC_C.png', 'CS_C.png', 'DB_B.png', 'BD_B.png'], 'Test': ['INPOS_SpoonCup_Cup.mp4', 'INPOS_CupSpoon_Cup.mp4', 'INNEG_DuckBear_Bear.mp4', 'INNEG_BearDuck_Bear.mp4']}",1,1,6,ConPos,0,0.9084877790883183,0.9084877790883183
2,28,6,f,"{'ConPos': ['CONPOS_BananaApple_Banana.mp4', 'CONPOS_AppleBanana_Banana.mp4'], 'ConNeg': ['CONNEG_BallCar_Ball.mp4', 'CONNEG_CarBall_Ball.mp4'], 'P_intro': ['intro.mp4'], 'O_intro': ['Intro_AppleBanana.mp4', 'Intro_BallCar.mp4', 'Intro_CupSpoon.mp4', 'Intro_DuckBear.mp4'], 'O_intro_S': ['AB_intro_S.png', 'BC_intro_S.png', 'CS_intro_S.png', 'BD_intro_S.png'], 'Still': ['BA_B.png', 'AB_B.png', 'BC_B.png', 'CB_B.png', 'SC_C.png', 'CS_C.png', 'DB_B.png', 'BD_B.png'], 'Test': ['INPOS_SpoonCup_Cup.mp4', 'INPOS_CupSpoon_Cup.mp4', 'INNEG_DuckBear_Bear.mp4', 'INNEG_BearDuck_Bear.mp4']}",1,0,6,ConPos,0.9084896160056815,1.5588953989790753,0.6504057829733938
2,28,6,f,"{'ConPos': ['CONPOS_BananaApple_Banana.mp4', 'CONPOS_AppleBanana_Banana.mp4'], 'ConNeg': ['CONNEG_BallCar_Ball.mp4', 'CONNEG_CarBall_Ball.mp4'], 'P_intro': ['intro.mp4'], 'O_intro': ['Intro_AppleBanana.mp4', 'Intro_BallCar.mp4', 'Intro_CupSpoon.mp4', 'Intro_DuckBear.mp4'], 'O_intro_S': ['AB_intro_S.png', 'BC_intro_S.png', 'CS_intro_S.png', 'BD_intro_S.png'], 'Still': ['BA_B.png', 'AB_B.png', 'BC_B.png', 'CB_B.png', 'SC_C.png', 'CS_C.png', 'DB_B.png', 'BD_B.png'], 'Test': ['INPOS_SpoonCup_Cup.mp4', 'INPOS_CupSpoon_Cup.mp4', 'INNEG_DuckBear_Bear.mp4', 'INNEG_BearDuck_Bear.mp4']}",1,1,6,ConPos,1.5588947919895872,24.059545811032876,22.50065101904329
2,28,6,f,"{'ConPos': ['CONPOS_BananaApple_Banana.mp4', 'CONPOS_AppleBanana_Banana.mp4'], 'ConNeg': ['CONNEG_BallCar_Ball.mp4', 'CONNEG_CarBall_Ball.mp4'], 'P_intro': ['intro.mp4'], 'O_intro': ['Intro_AppleBanana.mp4', 'Intro_BallCar.mp4', 'Intro_CupSpoon.mp4', 'Intro_DuckBear.mp4'], 'O_intro_S': ['AB_intro_S.png', 'BC_intro_S.png', 'CS_intro_S.png', 'BD_intro_S.png'], 'Still': ['BA_B.png', 'AB_B.png', 'BC_B.png', 'CB_B.png', 'SC_C.png', 'CS_C.png', 'DB_B.png', 'BD_B.png'], 'Test': ['INPOS_SpoonCup_Cup.mp4', 'INPOS_CupSpoon_Cup.mp4', 'INNEG_DuckBear_Bear.mp4', 'INNEG_BearDuck_Bear.mp4']}",1,1,7,Still,0,1.9730495299445465,1.9730495299445465
2,28,6,f,"{'ConPos': ['CONPOS_BananaApple_Banana.mp4', 'CONPOS_AppleBanana_Banana.mp4'], 'ConNeg': ['CONNEG_BallCar_Ball.mp4', 'CONNEG_CarBall_Ball.mp4'], 'P_intro': ['intro.mp4'], 'O_intro': ['Intro_AppleBanana.mp4', 'Intro_BallCar.mp4', 'Intro_CupSpoon.mp4', 'Intro_DuckBear.mp4'], 'O_intro_S': ['AB_intro_S.png', 'BC_intro_S.png', 'CS_intro_S.png', 'BD_intro_S.png'], 'Still': ['BA_B.png', 'AB_B.png', 'BC_B.png', 'CB_B.png', 'SC_C.png', 'CS_C.png', 'DB_B.png', 'BD_B.png'], 'Test': ['INPOS_SpoonCup_Cup.mp4', 'INPOS_CupSpoon_Cup.mp4', 'INNEG_DuckBear_Bear.mp4', 'INNEG_BearDuck_Bear.mp4']}",1,0,7,Still,1.9730507009662688,2.5902156609809026,0.6171649600146338
2,28,6,f,"{'ConPos': ['CONPOS_BananaApple_Banana.mp4', 'CONPOS_AppleBanana_Banana.mp4'], 'ConNeg': ['CONNEG_BallCar_Ball.mp4', 'CONNEG_CarBall_Ball.mp4'], 'P_intro': ['intro.mp4'], 'O_intro': ['Intro_AppleBanana.mp4', 'Intro_BallCar.mp4', 'Intro_CupSpoon.mp4', 'Intro_DuckBear.mp4'], 'O_intro_S': ['AB_intro_S.png', 'BC_intro_S.png', 'CS_intro_S.png', 'BD_intro_S.png'], 'Still': ['BA_B.png', 'AB_B.png', 'BC_B.png', 'CB_B.png', 'SC_C.png', 'CS_C.png', 'DB_B.png', 'BD_B.png'], 'Test': ['INPOS_SpoonCup_Cup.mp4', 'INPOS_CupSpoon_Cup.mp4', 'INNEG_DuckBear_Bear.mp4', 'INNEG_BearDuck_Bear.mp4']}",1,1,7,Still,2.5902150589972734,2.973816770943813,0.3836017119465396
2,28,6,f,"{'ConPos': ['CONPOS_BananaApple_Banana.mp4', 'CONPOS_AppleBanana_Banana.mp4'], 'ConNeg': ['CONNEG_BallCar_Ball.mp4', 'CONNEG_CarBall_Ball.mp4'], 'P_intro': ['intro.mp4'], 'O_intro': ['Intro_AppleBanana.mp4', 'Intro_BallCar.mp4', 'Intro_CupSpoon.mp4', 'Intro_DuckBear.mp4'], 'O_intro_S': ['AB_intro_S.png', 'BC_intro_S.png', 'CS_intro_S.png', 'BD_intro_S.png'], 'Still': ['BA_B.png', 'AB_B.png', 'BC_B.png', 'CB_B.png', 'SC_C.png', 'CS_C.png', 'DB_B.png', 'BD_B.png'], 'Test': ['INPOS_SpoonCup_Cup.mp4', 'INPOS_CupSpoon_Cup.mp4', 'INNEG_DuckBear_Bear.mp4', 'INNEG_BearDuck_Bear.mp4']}",1,0,7,Still,2.973817804013379,4.341600621934049,1.36778281792067
2,28,6,f,"{'ConPos': ['CONPOS_BananaApple_Banana.mp4', 'CONPOS_AppleBanana_Banana.mp4'], 'ConNeg': ['CONNEG_BallCar_Ball.mp4', 'CONNEG_CarBall_Ball.mp4'], 'P_intro': ['intro.mp4'], 'O_intro': ['Intro_AppleBanana.mp4', 'Intro_BallCar.mp4', 'Intro_CupSpoon.mp4', 'Intro_DuckBear.mp4'], 'O_intro_S': ['AB_intro_S.png', 'BC_intro_S.png', 'CS_intro_S.png', 'BD_intro_S.png'], 'Still': ['BA_B.png', 'AB_B.png', 'BC_B.png', 'CB_B.png', 'SC_C.png', 'CS_C.png', 'DB_B.png', 'BD_B.png'], 'Test': ['INPOS_SpoonCup_Cup.mp4', 'INPOS_CupSpoon_Cup.mp4', 'INNEG_DuckBear_Bear.mp4', 'INNEG_BearDuck_Bear.mp4']}",1,1,7,Still,4.341599976993166,7.99438118096441,3.6527812039712444
2,28,6,f,"{'ConPos': ['CONPOS_BananaApple_Banana.mp4', 'CONPOS_AppleBanana_Banana.mp4'], 'ConNeg': ['CONNEG_BallCar_Ball.mp4', 'CONNEG_CarBall_Ball.mp4'], 'P_intro': ['intro.mp4'], 'O_intro': ['Intro_AppleBanana.mp4', 'Intro_BallCar.mp4', 'Intro_CupSpoon.mp4', 'Intro_DuckBear.mp4'], 'O_intro_S': ['AB_intro_S.png', 'BC_intro_S.png', 'CS_intro_S.png', 'BD_intro_S.png'], 'Still': ['BA_B.png', 'AB_B.png', 'BC_B.png', 'CB_B.png', 'SC_C.png', 'CS_C.png', 'DB_B.png', 'BD_B.png'], 'Test': ['INPOS_SpoonCup_Cup.mp4', 'INPOS_CupSpoon_Cup.mp4', 'INNEG_DuckBear_Bear.mp4', 'INNEG_BearDuck_Bear.mp4']}",1,0,7,Still,7.994382821023464,9.995853259926662,2.0014704389031976
2,28,6,f,"{'ConPos': ['CONPOS_BananaApple_Banana.mp4', 'CONPOS_AppleBanana_Banana.mp4'], 'ConNeg': ['CONNEG_BallCar_Ball.mp4', 'CONNEG_CarBall_Ball.mp4'], 'P_intro': ['intro.mp4'], 'O_intro': ['Intro_AppleBanana.mp4', 'Intro_BallCar.mp4', 'Intro_CupSpoon.mp4', 'Intro_DuckBear.mp4'], 'O_intro_S': ['AB_intro_S.png', 'BC_intro_S.png', 'CS_intro_S.png', 'BD_intro_S.png'], 'Still': ['BA_B.png', 'AB_B.png', 'BC_B.png', 'CB_B.png', 'SC_C.png', 'CS_C.png', 'DB_B.png', 'BD_B.png'], 'Test': ['INPOS_SpoonCup_Cup.mp4', 'INPOS_CupSpoon_Cup.mp4', 'INNEG_DuckBear_Bear.mp4', 'INNEG_BearDuck_Bear.mp4']}",1,1,8,O_intro,0,25.52717847097665,25.52717847097665
2,28,6,f,"{'ConPos': ['CONPOS_BananaApple_Banana.mp4', 'CONPOS_AppleBanana_Banana.mp4'], 'ConNeg': ['CONNEG_BallCar_Ball.mp4', 'CONNEG_CarBall_Ball.mp4'], 'P_intro': ['intro.mp4'], 'O_intro': ['Intro_AppleBanana.mp4', 'Intro_BallCar.mp4', 'Intro_CupSpoon.mp4', 'Intro_DuckBear.mp4'], 'O_intro_S': ['AB_intro_S.png', 'BC_intro_S.png', 'CS_intro_S.png', 'BD_intro_S.png'], 'Still': ['BA_B.png', 'AB_B.png', 'BC_B.png', 'CB_B.png', 'SC_C.png', 'CS_C.png', 'DB_B.png', 'BD_B.png'], 'Test': ['INPOS_SpoonCup_Cup.mp4', 'INPOS_CupSpoon_Cup.mp4', 'INNEG_DuckBear_Bear.mp4', 'INNEG_BearDuck_Bear.mp4']}",1,1,9,O_intro_S,0,1.1228295780019835,1.1228295780019835
2,28,6,f,"{'ConPos': ['CONPOS_BananaApple_Banana.mp4', 'CONPOS_AppleBanana_Banana.mp4'], 'ConNeg': ['CONNEG_BallCar_Ball.mp4', 'CONNEG_CarBall_Ball.mp4'], 'P_intro': ['intro.mp4'], 'O_intro': ['Intro_AppleBanana.mp4', 'Intro_BallCar.mp4', 'Intro_CupSpoon.mp4', 'Intro_DuckBear.mp4'], 'O_intro_S': ['AB_intro_S.png', 'BC_intro_S.png', 'CS_intro_S.png', 'BD_intro_S.png'], 'Still': ['BA_B.png', 'AB_B.png', 'BC_B.png', 'CB_B.png', 'SC_C.png', 'CS_C.png', 'DB_B.png', 'BD_B.png'], 'Test': ['INPOS_SpoonCup_Cup.mp4', 'INPOS_CupSpoon_Cup.mp4', 'INNEG_DuckBear_Bear.mp4', 'INNEG_BearDuck_Bear.mp4']}",1,0,9,O_intro_S,1.1228308549616486,1.8734400710090995,0.7506092160474509
2,28,6,f,"{'ConPos': ['CONPOS_BananaApple_Banana.mp4', 'CONPOS_AppleBanana_Banana.mp4'], 'ConNeg': ['CONNEG_BallCar_Ball.mp4', 'CONNEG_CarBall_Ball.mp4'], 'P_intro': ['intro.mp4'], 'O_intro': ['Intro_AppleBanana.mp4', 'Intro_BallCar.mp4', 'Intro_CupSpoon.mp4', 'Intro_DuckBear.mp4'], 'O_intro_S': ['AB_intro_S.png', 'BC_intro_S.png', 'CS_intro_S.png', 'BD_intro_S.png'], 'Still': ['BA_B.png', 'AB_B.png', 'BC_B.png', 'CB_B.png', 'SC_C.png', 'CS_C.png', 'DB_B.png', 'BD_B.png'], 'Test': ['INPOS_SpoonCup_Cup.mp4', 'INPOS_CupSpoon_Cup.mp4', 'INNEG_DuckBear_Bear.mp4', 'INNEG_BearDuck_Bear.mp4']}",1,1,9,O_intro_S,1.8734394100029022,2.257027094019577,0.38358768401667476
2,28,6,f,"{'ConPos': ['CONPOS_BananaApple_Banana.mp4', 'CONPOS_AppleBanana_Banana.mp4'], 'ConNeg': ['CONNEG_BallCar_Ball.mp4', 'CONNEG_CarBall_Ball.mp4'], 'P_intro': ['intro.mp4'], 'O_intro': ['Intro_AppleBanana.mp4', 'Intro_BallCar.mp4', 'Intro_CupSpoon.mp4', 'Intro_DuckBear.mp4'], 'O_intro_S': ['AB_intro_S.png', 'BC_intro_S.png', 'CS_intro_S.png', 'BD_intro_S.png'], 'Still': ['BA_B.png', 'AB_B.png', 'BC_B.png', 'CB_B.png', 'SC_C.png', 'CS_C.png', 'DB_B.png', 'BD_B.png'], 'Test': ['INPOS_SpoonCup_Cup.mp4', 'INPOS_CupSpoon_Cup.mp4', 'INNEG_DuckBear_Bear.mp4', 'INNEG_BearDuck_Bear.mp4']}",1,0,9,O_intro_S,2.2570281580556184,2.9743100800551474,0.717281921999529
2,28,6,f,"{'ConPos': ['CONPOS_BananaApple_Banana.mp4', 'CONPOS_AppleBanana_Banana.mp4'], 'ConNeg': ['CONNEG_BallCar_Ball.mp4', 'CONNEG_CarBall_Ball.mp4'], 'P_intro': ['intro.mp4'], 'O_intro': ['Intro_AppleBanana.mp4', 'Intro_BallCar.mp4', 'Intro_CupSpoon.mp4', 'Intro_DuckBear.mp4'], 'O_intro_S': ['AB_intro_S.png', 'BC_intro_S.png', 'CS_intro_S.png', 'BD_intro_S.png'], 'Still': ['BA_B.png', 'AB_B.png', 'BC_B.png', 'CB_B.png', 'SC_C.png', 'CS_C.png', 'DB_B.png', 'BD_B.png'], 'Test': ['INPOS_SpoonCup_Cup.mp4', 'INPOS_CupSpoon_Cup.mp4', 'INNEG_DuckBear_Bear.mp4', 'INNEG_BearDuck_Bear.mp4']}",1,1,9,O_intro_S,2.9743090079864487,4.82571802905295,1.8514090210665017
2,28,6,f,"{'ConPos': ['CONPOS_BananaApple_Banana.mp4', 'CONPOS_AppleBanana_Banana.mp4'], 'ConNeg': ['CONNEG_BallCar_Ball.mp4', 'CONNEG_CarBall_Ball.mp4'], 'P_intro': ['intro.mp4'], 'O_intro': ['Intro_AppleBanana.mp4', 'Intro_BallCar.mp4', 'Intro_CupSpoon.mp4', 'Intro_DuckBear.mp4'], 'O_intro_S': ['AB_intro_S.png', 'BC_intro_S.png', 'CS_intro_S.png', 'BD_intro_S.png'], 'Still': ['BA_B.png', 'AB_B.png', 'BC_B.png', 'CB_B.png', 'SC_C.png', 'CS_C.png', 'DB_B.png', 'BD_B.png'], 'Test': ['INPOS_SpoonCup_Cup.mp4', 'INPOS_CupSpoon_Cup.mp4', 'INNEG_DuckBear_Bear.mp4', 'INNEG_BearDuck_Bear.mp4']}",1,0,9,O_intro_S,4.825719050015323,5.142623336054385,0.31690428603906184
2,28,6,f,"{'ConPos': ['CONPOS_BananaApple_Banana.mp4', 'CONPOS_AppleBanana_Banana.mp4'], 'ConNeg': ['CONNEG_BallCar_Ball.mp4', 'CONNEG_CarBall_Ball.mp4'], 'P_intro': ['intro.mp4'], 'O_intro': ['Intro_AppleBanana.mp4', 'Intro_BallCar.mp4', 'Intro_CupSpoon.mp4', 'Intro_DuckBear.mp4'], 'O_intro_S': ['AB_intro_S.png', 'BC_intro_S.png', 'CS_intro_S.png', 'BD_intro_S.png'], 'Still': ['BA_B.png', 'AB_B.png', 'BC_B.png', 'CB_B.png', 'SC_C.png', 'CS_C.png', 'DB_B.png', 'BD_B.png'], 'Test': ['INPOS_SpoonCup_Cup.mp4', 'INPOS_CupSpoon_Cup.mp4', 'INNEG_DuckBear_Bear.mp4', 'INNEG_BearDuck_Bear.mp4']}",1,1,9,O_intro_S,5.142622680985369,6.743852855055593,1.6012301740702242
2,28,6,f,"{'ConPos': ['CONPOS_BananaApple_Banana.mp4', 'CONPOS_AppleBanana_Banana.mp4'], 'ConNeg': ['CONNEG_BallCar_Ball.mp4', 'CONNEG_CarBall_Ball.mp4'], 'P_intro': ['intro.mp4'], 'O_intro': ['Intro_AppleBanana.mp4', 'Intro_BallCar.mp4', 'Intro_CupSpoon.mp4', 'Intro_DuckBear.mp4'], 'O_intro_S': ['AB_intro_S.png', 'BC_intro_S.png', 'CS_intro_S.png', 'BD_intro_S.png'], 'Still': ['BA_B.png', 'AB_B.png', 'BC_B.png', 'CB_B.png', 'SC_C.png', 'CS_C.png', 'DB_B.png', 'BD_B.png'], 'Test': ['INPOS_SpoonCup_Cup.mp4', 'INPOS_CupSpoon_Cup.mp4', 'INNEG_DuckBear_Bear.mp4', 'INNEG_BearDuck_Bear.mp4']}",1,0,9,O_intro_S,6.7438538540154696,7.928063875064254,1.1842100210487843
2,28,6,f,"{'ConPos': ['CONPOS_BananaApple_Banana.mp4', 'CONPOS_AppleBanana_Banana.mp4'], 'ConNeg': ['CONNEG_BallCar_Ball.mp4', 'CONNEG_CarBall_Ball.mp4'], 'P_intro': ['intro.mp4'], 'O_intro': ['Intro_AppleBanana.mp4', 'Intro_BallCar.mp4', 'Intro_CupSpoon.mp4', 'Intro_DuckBear.mp4'], 'O_intro_S': ['AB_intro_S.png', 'BC_intro_S.png', 'CS_intro_S.png', 'BD_intro_S.png'], 'Still': ['BA_B.png', 'AB_B.png', 'BC_B.png', 'CB_B.png', 'SC_C.png', 'CS_C.png', 'DB_B.png', 'BD_B.png'], 'Test': ['INPOS_SpoonCup_Cup.mp4', 'INPOS_CupSpoon_Cup.mp4', 'INNEG_DuckBear_Bear.mp4', 'INNEG_BearDuck_Bear.mp4']}",1,1,9,O_intro_S,7.928063202998601,13.749161542975344,5.821098339976743
2,28,6,f,"{'ConPos': ['CONPOS_BananaApple_Banana.mp4', 'CONPOS_AppleBanana_Banana.mp4'], 'ConNeg': ['CONNEG_BallCar_Ball.mp4', 'CONNEG_CarBall_Ball.mp4'], 'P_intro': ['intro.mp4'], 'O_intro': ['Intro_AppleBanana.mp4', 'Intro_BallCar.mp4', 'Intro_CupSpoon.mp4', 'Intro_DuckBear.mp4'], 'O_intro_S': ['AB_intro_S.png', 'BC_intro_S.png', 'CS_intro_S.png', 'BD_intro_S.png'], 'Still': ['BA_B.png', 'AB_B.png', 'BC_B.png', 'CB_B.png', 'SC_C.png', 'CS_C.png', 'DB_B.png', 'BD_B.png'], 'Test': ['INPOS_SpoonCup_Cup.mp4', 'INPOS_CupSpoon_Cup.mp4', 'INNEG_DuckBear_Bear.mp4', 'INNEG_BearDuck_Bear.mp4']}",1,0,9,O_intro_S,13.749162488034926,14.216213094070554,0.4670506060356274
2,28,6,f,"{'ConPos': ['CONPOS_BananaApple_Banana.mp4', 'CONPOS_AppleBanana_Banana.mp4'], 'ConNeg': ['CONNEG_BallCar_Ball.mp4', 'CONNEG_CarBall_Ball.mp4'], 'P_intro': ['intro.mp4'], 'O_intro': ['Intro_AppleBanana.mp4', 'Intro_BallCar.mp4', 'Intro_CupSpoon.mp4', 'Intro_DuckBear.mp4'], 'O_intro_S': ['AB_intro_S.png', 'BC_intro_S.png', 'CS_intro_S.png', 'BD_intro_S.png'], 'Still': ['BA_B.png', 'AB_B.png', 'BC_B.png', 'CB_B.png', 'SC_C.png', 'CS_C.png', 'DB_B.png', 'BD_B.png'], 'Test': ['INPOS_SpoonCup_Cup.mp4', 'INPOS_CupSpoon_Cup.mp4', 'INNEG_DuckBear_Bear.mp4', 'INNEG_BearDuck_Bear.mp4']}",1,1,9,O_intro_S,14.216212408966385,14.800010500010103,0.5837980910437182
2,28,6,f,"{'ConPos': ['CONPOS_BananaApple_Banana.mp4', 'CONPOS_AppleBanana_Banana.mp4'], 'ConNeg': ['CONNEG_BallCar_Ball.mp4', 'CONNEG_CarBall_Ball.mp4'], 'P_intro': ['intro.mp4'], 'O_intro': ['Intro_AppleBanana.mp4', 'Intro_BallCar.mp4', 'Intro_CupSpoon.mp4', 'Intro_DuckBear.mp4'], 'O_intro_S': ['AB_intro_S.png', 'BC_intro_S.png', 'CS_intro_S.png', 'BD_intro_S.png'], 'Still': ['BA_B.png', 'AB_B.png', 'BC_B.png', 'CB_B.png', 'SC_C.png', 'CS_C.png', 'DB_B.png', 'BD_B.png'], 'Test': ['INPOS_SpoonCup_Cup.mp4', 'INPOS_CupSpoon_Cup.mp4', 'INNEG_DuckBear_Bear.mp4', 'INNEG_BearDuck_Bear.mp4']}",1,0,9,O_intro_S,14.800012273015454,16.801497673033737,2.0014854000182822
2,28,6,f,"{'ConPos': ['CONPOS_BananaApple_Banana.mp4', 'CONPOS_AppleBanana_Banana.mp4'], 'ConNeg': ['CONNEG_BallCar_Ball.mp4', 'CONNEG_CarBall_Ball.mp4'], 'P_intro': ['intro.mp4'], 'O_intro': ['Intro_AppleBanana.mp4', 'Intro_BallCar.mp4', 'Intro_CupSpoon.mp4', 'Intro_DuckBear.mp4'], 'O_intro_S': ['AB_intro_S.png', 'BC_intro_S.png', 'CS_intro_S.png', 'BD_intro_S.png'], 'Still': ['BA_B.png', 'AB_B.png', 'BC_B.png', 'CB_B.png', 'SC_C.png', 'CS_C.png', 'DB_B.png', 'BD_B.png'], 'Test': ['INPOS_SpoonCup_Cup.mp4', 'INPOS_CupSpoon_Cup.mp4', 'INNEG_DuckBear_Bear.mp4', 'INNEG_BearDuck_Bear.mp4']}",1,1,10,ConNeg,0,24.14210496202577,24.14210496202577
2,28,6,f,"{'ConPos': ['CONPOS_BananaApple_Banana.mp4', 'CONPOS_AppleBanana_Banana.mp4'], 'ConNeg': ['CONNEG_BallCar_Ball.mp4', 'CONNEG_CarBall_Ball.mp4'], 'P_intro': ['intro.mp4'], 'O_intro': ['Intro_AppleBanana.mp4', 'Intro_BallCar.mp4', 'Intro_CupSpoon.mp4', 'Intro_DuckBear.mp4'], 'O_intro_S': ['AB_intro_S.png', 'BC_intro_S.png', 'CS_intro_S.png', 'BD_intro_S.png'], 'Still': ['BA_B.png', 'AB_B.png', 'BC_B.png', 'CB_B.png', 'SC_C.png', 'CS_C.png', 'DB_B.png', 'BD_B.png'], 'Test': ['INPOS_SpoonCup_Cup.mp4', 'INPOS_CupSpoon_Cup.mp4', 'INNEG_DuckBear_Bear.mp4', 'INNEG_BearDuck_Bear.mp4']}",1,1,11,Still,0,3.5566297620534897,3.5566297620534897
2,28,6,f,"{'ConPos': ['CONPOS_BananaApple_Banana.mp4', 'CONPOS_AppleBanana_Banana.mp4'], 'ConNeg': ['CONNEG_BallCar_Ball.mp4', 'CONNEG_CarBall_Ball.mp4'], 'P_intro': ['intro.mp4'], 'O_intro': ['Intro_AppleBanana.mp4', 'Intro_BallCar.mp4', 'Intro_CupSpoon.mp4', 'Intro_DuckBear.mp4'], 'O_intro_S': ['AB_intro_S.png', 'BC_intro_S.png', 'CS_intro_S.png', 'BD_intro_S.png'], 'Still': ['BA_B.png', 'AB_B.png', 'BC_B.png', 'CB_B.png', 'SC_C.png', 'CS_C.png', 'DB_B.png', 'BD_B.png'], 'Test': ['INPOS_SpoonCup_Cup.mp4', 'INPOS_CupSpoon_Cup.mp4', 'INNEG_DuckBear_Bear.mp4', 'INNEG_BearDuck_Bear.mp4']}",1,0,11,Still,3.5566311550792307,5.558217781013809,2.0015866259345785
2,28,6,f,"{'ConPos': ['CONPOS_BananaApple_Banana.mp4', 'CONPOS_AppleBanana_Banana.mp4'], 'ConNeg': ['CONNEG_BallCar_Ball.mp4', 'CONNEG_CarBall_Ball.mp4'], 'P_intro': ['intro.mp4'], 'O_intro': ['Intro_AppleBanana.mp4', 'Intro_BallCar.mp4', 'Intro_CupSpoon.mp4', 'Intro_DuckBear.mp4'], 'O_intro_S': ['AB_intro_S.png', 'BC_intro_S.png', 'CS_intro_S.png', 'BD_intro_S.png'], 'Still': ['BA_B.png', 'AB_B.png', 'BC_B.png', 'CB_B.png', 'SC_C.png', 'CS_C.png', 'DB_B.png', 'BD_B.png'], 'Test': ['INPOS_SpoonCup_Cup.mp4', 'INPOS_CupSpoon_Cup.mp4', 'INNEG_DuckBear_Bear.mp4', 'INNEG_BearDuck_Bear.mp4']}",1,1,12,ConNeg,0,24.12569475302007,24.12569475302007
2,28,6,f,"{'ConPos': ['CONPOS_BananaApple_Banana.mp4', 'CONPOS_AppleBanana_Banana.mp4'], 'ConNeg': ['CONNEG_BallCar_Ball.mp4', 'CONNEG_CarBall_Ball.mp4'], 'P_intro': ['intro.mp4'], 'O_intro': ['Intro_AppleBanana.mp4', 'Intro_BallCar.mp4', 'Intro_CupSpoon.mp4', 'Intro_DuckBear.mp4'], 'O_intro_S': ['AB_intro_S.png', 'BC_intro_S.png', 'CS_intro_S.png', 'BD_intro_S.png'], 'Still': ['BA_B.png', 'AB_B.png', 'BC_B.png', 'CB_B.png', 'SC_C.png', 'CS_C.png', 'DB_B.png', 'BD_B.png'], 'Test': ['INPOS_SpoonCup_Cup.mp4', 'INPOS_CupSpoon_Cup.mp4', 'INNEG_DuckBear_Bear.mp4', 'INNEG_BearDuck_Bear.mp4']}",1,1,13,Still,0,3.3426249540643767,3.3426249540643767
2,28,6,f,"{'ConPos': ['CONPOS_BananaApple_Banana.mp4', 'CONPOS_AppleBanana_Banana.mp4'], 'ConNeg': ['CONNEG_BallCar_Ball.mp4', 'CONNEG_CarBall_Ball.mp4'], 'P_intro': ['intro.mp4'], 'O_intro': ['Intro_AppleBanana.mp4', 'Intro_BallCar.mp4', 'Intro_CupSpoon.mp4', 'Intro_DuckBear.mp4'], 'O_intro_S': ['AB_intro_S.png', 'BC_intro_S.png', 'CS_intro_S.png', 'BD_intro_S.png'], 'Still': ['BA_B.png', 'AB_B.png', 'BC_B.png', 'CB_B.png', 'SC_C.png', 'CS_C.png', 'DB_B.png', 'BD_B.png'], 'Test': ['INPOS_SpoonCup_Cup.mp4', 'INPOS_CupSpoon_Cup.mp4', 'INNEG_DuckBear_Bear.mp4', 'INNEG_BearDuck_Bear.mp4']}",1,0,13,Still,3.342626997968182,5.143996982020326,1.801369984052144
2,28,6,f,"{'ConPos': ['CONPOS_BananaApple_Banana.mp4', 'CONPOS_AppleBanana_Banana.mp4'], 'ConNeg': ['CONNEG_BallCar_Ball.mp4', 'CONNEG_CarBall_Ball.mp4'], 'P_intro': ['intro.mp4'], 'O_intro': ['Intro_AppleBanana.mp4', 'Intro_BallCar.mp4', 'Intro_CupSpoon.mp4', 'Intro_DuckBear.mp4'], 'O_intro_S': ['AB_intro_S.png', 'BC_intro_S.png', 'CS_intro_S.png', 'BD_intro_S.png'], 'Still': ['BA_B.png', 'AB_B.png', 'BC_B.png', 'CB_B.png', 'SC_C.png', 'CS_C.png', 'DB_B.png', 'BD_B.png'], 'Test': ['INPOS_SpoonCup_Cup.mp4', 'INPOS_CupSpoon_Cup.mp4', 'INNEG_DuckBear_Bear.mp4', 'INNEG_BearDuck_Bear.mp4']}",1,1,13,Still,5.143996395054273,13.533815433038399,8.389819037984125
2,28,6,f,"{'ConPos': ['CONPOS_BananaApple_Banana.mp4', 'CONPOS_AppleBanana_Banana.mp4'], 'ConNeg': ['CONNEG_BallCar_Ball.mp4', 'CONNEG_CarBall_Ball.mp4'], 'P_intro': ['intro.mp4'], 'O_intro': ['Intro_AppleBanana.mp4', 'Intro_BallCar.mp4', 'Intro_CupSpoon.mp4', 'Intro_DuckBear.mp4'], 'O_intro_S': ['AB_intro_S.png', 'BC_intro_S.png', 'CS_intro_S.png', 'BD_intro_S.png'], 'Still': ['BA_B.png', 'AB_B.png', 'BC_B.png', 'CB_B.png', 'SC_C.png', 'CS_C.png', 'DB_B.png', 'BD_B.png'], 'Test': ['INPOS_SpoonCup_Cup.mp4', 'INPOS_CupSpoon_Cup.mp4', 'INNEG_DuckBear_Bear.mp4', 'INNEG_BearDuck_Bear.mp4']}",1,0,13,Still,13.533816799055785,14.217663793009706,0.6838469939539209
2,28,6,f,"{'ConPos': ['CONPOS_BananaApple_Banana.mp4', 'CONPOS_AppleBanana_Banana.mp4'], 'ConNeg': ['CONNEG_BallCar_Ball.mp4', 'CONNEG_CarBall_Ball.mp4'], 'P_intro': ['intro.mp4'], 'O_intro': ['Intro_AppleBanana.mp4', 'Intro_BallCar.mp4', 'Intro_CupSpoon.mp4', 'Intro_DuckBear.mp4'], 'O_intro_S': ['AB_intro_S.png', 'BC_intro_S.png', 'CS_intro_S.png', 'BD_intro_S.png'], 'Still': ['BA_B.png', 'AB_B.png', 'BC_B.png', 'CB_B.png', 'SC_C.png', 'CS_C.png', 'DB_B.png', 'BD_B.png'], 'Test': ['INPOS_SpoonCup_Cup.mp4', 'INPOS_CupSpoon_Cup.mp4', 'INNEG_DuckBear_Bear.mp4', 'INNEG_BearDuck_Bear.mp4']}",1,1,13,Still,14.217662987997755,17.420067779021338,3.202404791023582
2,28,6,f,"{'ConPos': ['CONPOS_BananaApple_Banana.mp4', 'CONPOS_AppleBanana_Banana.mp4'], 'ConNeg': ['CONNEG_BallCar_Ball.mp4', 'CONNEG_CarBall_Ball.mp4'], 'P_intro': ['intro.mp4'], 'O_intro': ['Intro_AppleBanana.mp4', 'Intro_BallCar.mp4', 'Intro_CupSpoon.mp4', 'Intro_DuckBear.mp4'], 'O_intro_S': ['AB_intro_S.png', 'BC_intro_S.png', 'CS_intro_S.png', 'BD_intro_S.png'], 'Still': ['BA_B.png', 'AB_B.png', 'BC_B.png', 'CB_B.png', 'SC_C.png', 'CS_C.png', 'DB_B.png', 'BD_B.png'], 'Test': ['INPOS_SpoonCup_Cup.mp4', 'INPOS_CupSpoon_Cup.mp4', 'INNEG_DuckBear_Bear.mp4', 'INNEG_BearDuck_Bear.mp4']}",1,0,13,Still,17.420069140032865,19.42164697404951,2.0015778340166435
2,28,6,f,"{'ConPos': ['CONPOS_BananaApple_Banana.mp4', 'CONPOS_AppleBanana_Banana.mp4'], 'ConNeg': ['CONNEG_BallCar_Ball.mp4', 'CONNEG_CarBall_Ball.mp4'], 'P_intro': ['intro.mp4'], 'O_intro': ['Intro_AppleBanana.mp4', 'Intro_BallCar.mp4', 'Intro_CupSpoon.mp4', 'Intro_DuckBear.mp4'], 'O_intro_S': ['AB_intro_S.png', 'BC_intro_S.png', 'CS_intro_S.png', 'BD_intro_S.png'], 'Still': ['BA_B.png', 'AB_B.png', 'BC_B.png', 'CB_B.png', 'SC_C.png', 'CS_C.png', 'DB_B.png', 'BD_B.png'], 'Test': ['INPOS_SpoonCup_Cup.mp4', 'INPOS_CupSpoon_Cup.mp4', 'INNEG_DuckBear_Bear.mp4', 'INNEG_BearDuck_Bear.mp4']}",1,1,14,O_intro,0,31.281661582062952,31.281661582062952
2,28,6,f,"{'ConPos': ['CONPOS_BananaApple_Banana.mp4', 'CONPOS_AppleBanana_Banana.mp4'], 'ConNeg': ['CONNEG_BallCar_Ball.mp4', 'CONNEG_CarBall_Ball.mp4'], 'P_intro': ['intro.mp4'], 'O_intro': ['Intro_AppleBanana.mp4', 'Intro_BallCar.mp4', 'Intro_CupSpoon.mp4', 'Intro_DuckBear.mp4'], 'O_intro_S': ['AB_intro_S.png', 'BC_intro_S.png', 'CS_intro_S.png', 'BD_intro_S.png'], 'Still': ['BA_B.png', 'AB_B.png', 'BC_B.png', 'CB_B.png', 'SC_C.png', 'CS_C.png', 'DB_B.png', 'BD_B.png'], 'Test': ['INPOS_SpoonCup_Cup.mp4', 'INPOS_CupSpoon_Cup.mp4', 'INNEG_DuckBear_Bear.mp4', 'INNEG_BearDuck_Bear.mp4']}",1,1,15,O_intro_S,0,13.283093819045462,13.283093819045462
2,28,6,f,"{'ConPos': ['CONPOS_BananaApple_Banana.mp4', 'CONPOS_AppleBanana_Banana.mp4'], 'ConNeg': ['CONNEG_BallCar_Ball.mp4', 'CONNEG_CarBall_Ball.mp4'], 'P_intro': ['intro.mp4'], 'O_intro': ['Intro_AppleBanana.mp4', 'Intro_BallCar.mp4', 'Intro_CupSpoon.mp4', 'Intro_DuckBear.mp4'], 'O_intro_S': ['AB_intro_S.png', 'BC_intro_S.png', 'CS_intro_S.png', 'BD_intro_S.png'], 'Still': ['BA_B.png', 'AB_B.png', 'BC_B.png', 'CB_B.png', 'SC_C.png', 'CS_C.png', 'DB_B.png', 'BD_B.png'], 'Test': ['INPOS_SpoonCup_Cup.mp4', 'INPOS_CupSpoon_Cup.mp4', 'INNEG_DuckBear_Bear.mp4', 'INNEG_BearDuck_Bear.mp4']}",1,0,15,O_intro_S,13.283095229999162,13.850183779024519,0.5670885490253568
2,28,6,f,"{'ConPos': ['CONPOS_BananaApple_Banana.mp4', 'CONPOS_AppleBanana_Banana.mp4'], 'ConNeg': ['CONNEG_BallCar_Ball.mp4', 'CONNEG_CarBall_Ball.mp4'], 'P_intro': ['intro.mp4'], 'O_intro': ['Intro_AppleBanana.mp4', 'Intro_BallCar.mp4', 'Intro_CupSpoon.mp4', 'Intro_DuckBear.mp4'], 'O_intro_S': ['AB_intro_S.png', 'BC_intro_S.png', 'CS_intro_S.png', 'BD_intro_S.png'], 'Still': ['BA_B.png', 'AB_B.png', 'BC_B.png', 'CB_B.png', 'SC_C.png', 'CS_C.png', 'DB_B.png', 'BD_B.png'], 'Test': ['INPOS_SpoonCup_Cup.mp4', 'INPOS_CupSpoon_Cup.mp4', 'INNEG_DuckBear_Bear.mp4', 'INNEG_BearDuck_Bear.mp4']}",1,1,15,O_intro_S,13.8501832280308,15.88507635507267,2.034893127041869
2,28,6,f,"{'ConPos': ['CONPOS_BananaApple_Banana.mp4', 'CONPOS_AppleBanana_Banana.mp4'], 'ConNeg': ['CONNEG_BallCar_Ball.mp4', 'CONNEG_CarBall_Ball.mp4'], 'P_intro': ['intro.mp4'], 'O_intro': ['Intro_AppleBanana.mp4', 'Intro_BallCar.mp4', 'Intro_CupSpoon.mp4', 'Intro_DuckBear.mp4'], 'O_intro_S': ['AB_intro_S.png', 'BC_intro_S.png', 'CS_intro_S.png', 'BD_intro_S.png'], 'Still': ['BA_B.png', 'AB_B.png', 'BC_B.png', 'CB_B.png', 'SC_C.png', 'CS_C.png', 'DB_B.png', 'BD_B.png'], 'Test': ['INPOS_SpoonCup_Cup.mp4', 'INPOS_CupSpoon_Cup.mp4', 'INNEG_DuckBear_Bear.mp4', 'INNEG_BearDuck_Bear.mp4']}",1,0,15,O_intro_S,15.885077569051646,17.886668393970467,2.0015908249188215
2,28,6,f,"{'ConPos': ['CONPOS_BananaApple_Banana.mp4', 'CONPOS_AppleBanana_Banana.mp4'], 'ConNeg': ['CONNEG_BallCar_Ball.mp4', 'CONNEG_CarBall_Ball.mp4'], 'P_intro': ['intro.mp4'], 'O_intro': ['Intro_AppleBanana.mp4', 'Intro_BallCar.mp4', 'Intro_CupSpoon.mp4', 'Intro_DuckBear.mp4'], 'O_intro_S': ['AB_intro_S.png', 'BC_intro_S.png', 'CS_intro_S.png', 'BD_intro_S.png'], 'Still': ['BA_B.png', 'AB_B.png', 'BC_B.png', 'CB_B.png', 'SC_C.png', 'CS_C.png', 'DB_B.png', 'BD_B.png'], 'Test': ['INPOS_SpoonCup_Cup.mp4', 'INPOS_CupSpoon_Cup.mp4', 'INNEG_DuckBear_Bear.mp4', 'INNEG_BearDuck_Bear.mp4']}",1,1,16,Test,0,24.059289201977663,24.059289201977663
2,28,6,f,"{'ConPos': ['CONPOS_BananaApple_Banana.mp4', 'CONPOS_AppleBanana_Banana.mp4'], 'ConNeg': ['CONNEG_BallCar_Ball.mp4', 'CONNEG_CarBall_Ball.mp4'], 'P_intro': ['intro.mp4'], 'O_intro': ['Intro_AppleBanana.mp4', 'Intro_BallCar.mp4', 'Intro_CupSpoon.mp4', 'Intro_DuckBear.mp4'], 'O_intro_S': ['AB_intro_S.png', 'BC_intro_S.png', 'CS_intro_S.png', 'BD_intro_S.png'], 'Still': ['BA_B.png', 'AB_B.png', 'BC_B.png', 'CB_B.png', 'SC_C.png', 'CS_C.png', 'DB_B.png', 'BD_B.png'], 'Test': ['INPOS_SpoonCup_Cup.mp4', 'INPOS_CupSpoon_Cup.mp4', 'INNEG_DuckBear_Bear.mp4', 'INNEG_BearDuck_Bear.mp4']}",1,1,17,Still,0,5.777340427972376,5.777340427972376
2,28,6,f,"{'ConPos': ['CONPOS_BananaApple_Banana.mp4', 'CONPOS_AppleBanana_Banana.mp4'], 'ConNeg': ['CONNEG_BallCar_Ball.mp4', 'CONNEG_CarBall_Ball.mp4'], 'P_intro': ['intro.mp4'], 'O_intro': ['Intro_AppleBanana.mp4', 'Intro_BallCar.mp4', 'Intro_CupSpoon.mp4', 'Intro_DuckBear.mp4'], 'O_intro_S': ['AB_intro_S.png', 'BC_intro_S.png', 'CS_intro_S.png', 'BD_intro_S.png'], 'Still': ['BA_B.png', 'AB_B.png', 'BC_B.png', 'CB_B.png', 'SC_C.png', 'CS_C.png', 'DB_B.png', 'BD_B.png'], 'Test': ['INPOS_SpoonCup_Cup.mp4', 'INPOS_CupSpoon_Cup.mp4', 'INNEG_DuckBear_Bear.mp4', 'INNEG_BearDuck_Bear.mp4']}",1,0,17,Still,5.7773416029522195,7.778903769911267,2.0015621669590473
2,28,6,f,"{'ConPos': ['CONPOS_BananaApple_Banana.mp4', 'CONPOS_AppleBanana_Banana.mp4'], 'ConNeg': ['CONNEG_BallCar_Ball.mp4', 'CONNEG_CarBall_Ball.mp4'], 'P_intro': ['intro.mp4'], 'O_intro': ['Intro_AppleBanana.mp4', 'Intro_BallCar.mp4', 'Intro_CupSpoon.mp4', 'Intro_DuckBear.mp4'], 'O_intro_S': ['AB_intro_S.png', 'BC_intro_S.png', 'CS_intro_S.png', 'BD_intro_S.png'], 'Still': ['BA_B.png', 'AB_B.png', 'BC_B.png', 'CB_B.png', 'SC_C.png', 'CS_C.png', 'DB_B.png', 'BD_B.png'], 'Test': ['INPOS_SpoonCup_Cup.mp4', 'INPOS_CupSpoon_Cup.mp4', 'INNEG_DuckBear_Bear.mp4', 'INNEG_BearDuck_Bear.mp4']}",1,1,18,Test,0,24.07168867602013,24.07168867602013
2,28,6,f,"{'ConPos': ['CONPOS_BananaApple_Banana.mp4', 'CONPOS_AppleBanana_Banana.mp4'], 'ConNeg': ['CONNEG_BallCar_Ball.mp4', 'CONNEG_CarBall_Ball.mp4'], 'P_intro': ['intro.mp4'], 'O_intro': ['Intro_AppleBanana.mp4', 'Intro_BallCar.mp4', 'Intro_CupSpoon.mp4', 'Intro_DuckBear.mp4'], 'O_intro_S': ['AB_intro_S.png', 'BC_intro_S.png', 'CS_intro_S.png', 'BD_intro_S.png'], 'Still': ['BA_B.png', 'AB_B.png', 'BC_B.png', 'CB_B.png', 'SC_C.png', 'CS_C.png', 'DB_B.png', 'BD_B.png'], 'Test': ['INPOS_SpoonCup_Cup.mp4', 'INPOS_CupSpoon_Cup.mp4', 'INNEG_DuckBear_Bear.mp4', 'INNEG_BearDuck_Bear.mp4']}",1,1,19,Still,0,5.093103268998675,5.093103268998675
2,28,6,f,"{'ConPos': ['CONPOS_BananaApple_Banana.mp4', 'CONPOS_AppleBanana_Banana.mp4'], 'ConNeg': ['CONNEG_BallCar_Ball.mp4', 'CONNEG_CarBall_Ball.mp4'], 'P_intro': ['intro.mp4'], 'O_intro': ['Intro_AppleBanana.mp4', 'Intro_BallCar.mp4', 'Intro_CupSpoon.mp4', 'Intro_DuckBear.mp4'], 'O_intro_S': ['AB_intro_S.png', 'BC_intro_S.png', 'CS_intro_S.png', 'BD_intro_S.png'], 'Still': ['BA_B.png', 'AB_B.png', 'BC_B.png', 'CB_B.png', 'SC_C.png', 'CS_C.png', 'DB_B.png', 'BD_B.png'], 'Test': ['INPOS_SpoonCup_Cup.mp4', 'INPOS_CupSpoon_Cup.mp4', 'INNEG_DuckBear_Bear.mp4', 'INNEG_BearDuck_Bear.mp4']}",1,0,19,Still,5.093104379950091,5.843677314929664,0.7505729349795729
2,28,6,f,"{'ConPos': ['CONPOS_BananaApple_Banana.mp4', 'CONPOS_AppleBanana_Banana.mp4'], 'ConNeg': ['CONNEG_BallCar_Ball.mp4', 'CONNEG_CarBall_Ball.mp4'], 'P_intro': ['intro.mp4'], 'O_intro': ['Intro_AppleBanana.mp4', 'Intro_BallCar.mp4', 'Intro_CupSpoon.mp4', 'Intro_DuckBear.mp4'], 'O_intro_S': ['AB_intro_S.png', 'BC_intro_S.png', 'CS_intro_S.png', 'BD_intro_S.png'], 'Still': ['BA_B.png', 'AB_B.png', 'BC_B.png', 'CB_B.png', 'SC_C.png', 'CS_C.png', 'DB_B.png', 'BD_B.png'], 'Test': ['INPOS_SpoonCup_Cup.mp4', 'INPOS_CupSpoon_Cup.mp4', 'INNEG_DuckBear_Bear.mp4', 'INNEG_BearDuck_Bear.mp4']}",1,1,19,Still,5.843676734017208,11.36460603994783,5.520929305930622
2,28,6,f,"{'ConPos': ['CONPOS_BananaApple_Banana.mp4', 'CONPOS_AppleBanana_Banana.mp4'], 'ConNeg': ['CONNEG_BallCar_Ball.mp4', 'CONNEG_CarBall_Ball.mp4'], 'P_intro': ['intro.mp4'], 'O_intro': ['Intro_AppleBanana.mp4', 'Intro_BallCar.mp4', 'Intro_CupSpoon.mp4', 'Intro_DuckBear.mp4'], 'O_intro_S': ['AB_intro_S.png', 'BC_intro_S.png', 'CS_intro_S.png', 'BD_intro_S.png'], 'Still': ['BA_B.png', 'AB_B.png', 'BC_B.png', 'CB_B.png', 'SC_C.png', 'CS_C.png', 'DB_B.png', 'BD_B.png'], 'Test': ['INPOS_SpoonCup_Cup.mp4', 'INPOS_CupSpoon_Cup.mp4', 'INNEG_DuckBear_Bear.mp4', 'INNEG_BearDuck_Bear.mp4']}",1,0,19,Still,11.364607049967162,11.831781208980829,0.4671741590136662
2,28,6,f,"{'ConPos': ['CONPOS_BananaApple_Banana.mp4', 'CONPOS_AppleBanana_Banana.mp4'], 'ConNeg': ['CONNEG_BallCar_Ball.mp4', 'CONNEG_CarBall_Ball.mp4'], 'P_intro': ['intro.mp4'], 'O_intro': ['Intro_AppleBanana.mp4', 'Intro_BallCar.mp4', 'Intro_CupSpoon.mp4', 'Intro_DuckBear.mp4'], 'O_intro_S': ['AB_intro_S.png', 'BC_intro_S.png', 'CS_intro_S.png', 'BD_intro_S.png'], 'Still': ['BA_B.png', 'AB_B.png', 'BC_B.png', 'CB_B.png', 'SC_C.png', 'CS_C.png', 'DB_B.png', 'BD_B.png'], 'Test': ['INPOS_SpoonCup_Cup.mp4', 'INPOS_CupSpoon_Cup.mp4', 'INNEG_DuckBear_Bear.mp4', 'INNEG_BearDuck_Bear.mp4']}",1,1,19,Still,11.831780515029095,12.648931688978337,0.8171511739492416
2,28,6,f,"{'ConPos': ['CONPOS_BananaApple_Banana.mp4', 'CONPOS_AppleBanana_Banana.mp4'], 'ConNeg': ['CONNEG_BallCar_Ball.mp4', 'CONNEG_CarBall_Ball.mp4'], 'P_intro': ['intro.mp4'], 'O_intro': ['Intro_AppleBanana.mp4', 'Intro_BallCar.mp4', 'Intro_CupSpoon.mp4', 'Intro_DuckBear.mp4'], 'O_intro_S': ['AB_intro_S.png', 'BC_intro_S.png', 'CS_intro_S.png', 'BD_intro_S.png'], 'Still': ['BA_B.png', 'AB_B.png', 'BC_B.png', 'CB_B.png', 'SC_C.png', 'CS_C.png', 'DB_B.png', 'BD_B.png'], 'Test': ['INPOS_SpoonCup_Cup.mp4', 'INPOS_CupSpoon_Cup.mp4', 'INNEG_DuckBear_Bear.mp4', 'INNEG_BearDuck_Bear.mp4']}",1,0,19,Still,12.648933383985423,14.650436279946007,2.0015028959605843
2,28,6,f,"{'ConPos': ['CONPOS_BananaApple_Banana.mp4', 'CONPOS_AppleBanana_Banana.mp4'], 'ConNeg': ['CONNEG_BallCar_Ball.mp4', 'CONNEG_CarBall_Ball.mp4'], 'P_intro': ['intro.mp4'], 'O_intro': ['Intro_AppleBanana.mp4', 'Intro_BallCar.mp4', 'Intro_CupSpoon.mp4', 'Intro_DuckBear.mp4'], 'O_intro_S': ['AB_intro_S.png', 'BC_intro_S.png', 'CS_intro_S.png', 'BD_intro_S.png'], 'Still': ['BA_B.png', 'AB_B.png', 'BC_B.png', 'CB_B.png', 'SC_C.png', 'CS_C.png', 'DB_B.png', 'BD_B.png'], 'Test': ['INPOS_SpoonCup_Cup.mp4', 'INPOS_CupSpoon_Cup.mp4', 'INNEG_DuckBear_Bear.mp4', 'INNEG_BearDuck_Bear.mp4']}",1,1,20,O_intro,0,26.910574235022068,26.910574235022068
2,28,6,f,"{'ConPos': ['CONPOS_BananaApple_Banana.mp4', 'CONPOS_AppleBanana_Banana.mp4'], 'ConNeg': ['CONNEG_BallCar_Ball.mp4', 'CONNEG_CarBall_Ball.mp4'], 'P_intro': ['intro.mp4'], 'O_intro': ['Intro_AppleBanana.mp4', 'Intro_BallCar.mp4', 'Intro_CupSpoon.mp4', 'Intro_DuckBear.mp4'], 'O_intro_S': ['AB_intro_S.png', 'BC_intro_S.png', 'CS_intro_S.png', 'BD_intro_S.png'], 'Still': ['BA_B.png', 'AB_B.png', 'BC_B.png', 'CB_B.png', 'SC_C.png', 'CS_C.png', 'DB_B.png', 'BD_B.png'], 'Test': ['INPOS_SpoonCup_Cup.mp4', 'INPOS_CupSpoon_Cup.mp4', 'INNEG_DuckBear_Bear.mp4', 'INNEG_BearDuck_Bear.mp4']}",1,1,21,O_intro_S,0,10.58086154400371,10.58086154400371
2,28,6,f,"{'ConPos': ['CONPOS_BananaApple_Banana.mp4', 'CONPOS_AppleBanana_Banana.mp4'], 'ConNeg': ['CONNEG_BallCar_Ball.mp4', 'CONNEG_CarBall_Ball.mp4'], 'P_intro': ['intro.mp4'], 'O_intro': ['Intro_AppleBanana.mp4', 'Intro_BallCar.mp4', 'Intro_CupSpoon.mp4', 'Intro_DuckBear.mp4'], 'O_intro_S': ['AB_intro_S.png', 'BC_intro_S.png', 'CS_intro_S.png', 'BD_intro_S.png'], 'Still': ['BA_B.png', 'AB_B.png', 'BC_B.png', 'CB_B.png', 'SC_C.png', 'CS_C.png', 'DB_B.png', 'BD_B.png'], 'Test': ['INPOS_SpoonCup_Cup.mp4', 'INPOS_CupSpoon_Cup.mp4', 'INNEG_DuckBear_Bear.mp4', 'INNEG_BearDuck_Bear.mp4']}",1,0,21,O_intro_S,10.580863347044215,12.582345799077302,2.0014824520330876
2,28,6,f,"{'ConPos': ['CONPOS_BananaApple_Banana.mp4', 'CONPOS_AppleBanana_Banana.mp4'], 'ConNeg': ['CONNEG_BallCar_Ball.mp4', 'CONNEG_CarBall_Ball.mp4'], 'P_intro': ['intro.mp4'], 'O_intro': ['Intro_AppleBanana.mp4', 'Intro_BallCar.mp4', 'Intro_CupSpoon.mp4', 'Intro_DuckBear.mp4'], 'O_intro_S': ['AB_intro_S.png', 'BC_intro_S.png', 'CS_intro_S.png', 'BD_intro_S.png'], 'Still': ['BA_B.png', 'AB_B.png', 'BC_B.png', 'CB_B.png', 'SC_C.png', 'CS_C.png', 'DB_B.png', 'BD_B.png'], 'Test': ['INPOS_SpoonCup_Cup.mp4', 'INPOS_CupSpoon_Cup.mp4', 'INNEG_DuckBear_Bear.mp4', 'INNEG_BearDuck_Bear.mp4']}",1,1,22,Test,0,24.12497802102007,24.12497802102007
2,28,6,f,"{'ConPos': ['CONPOS_BananaApple_Banana.mp4', 'CONPOS_AppleBanana_Banana.mp4'], 'ConNeg': ['CONNEG_BallCar_Ball.mp4', 'CONNEG_CarBall_Ball.mp4'], 'P_intro': ['intro.mp4'], 'O_intro': ['Intro_AppleBanana.mp4', 'Intro_BallCar.mp4', 'Intro_CupSpoon.mp4', 'Intro_DuckBear.mp4'], 'O_intro_S': ['AB_intro_S.png', 'BC_intro_S.png', 'CS_intro_S.png', 'BD_intro_S.png'], 'Still': ['BA_B.png', 'AB_B.png', 'BC_B.png', 'CB_B.png', 'SC_C.png', 'CS_C.png', 'DB_B.png', 'BD_B.png'], 'Test': ['INPOS_SpoonCup_Cup.mp4', 'INPOS_CupSpoon_Cup.mp4', 'INNEG_DuckBear_Bear.mp4', 'INNEG_BearDuck_Bear.mp4']}",1,1,23,Still,0,2.1583383079851046,2.1583383079851046
2,28,6,f,"{'ConPos': ['CONPOS_BananaApple_Banana.mp4', 'CONPOS_AppleBanana_Banana.mp4'], 'ConNeg': ['CONNEG_BallCar_Ball.mp4', 'CONNEG_CarBall_Ball.mp4'], 'P_intro': ['intro.mp4'], 'O_intro': ['Intro_AppleBanana.mp4', 'Intro_BallCar.mp4', 'Intro_CupSpoon.mp4', 'Intro_DuckBear.mp4'], 'O_intro_S': ['AB_intro_S.png', 'BC_intro_S.png', 'CS_intro_S.png', 'BD_intro_S.png'], 'Still': ['BA_B.png', 'AB_B.png', 'BC_B.png', 'CB_B.png', 'SC_C.png', 'CS_C.png', 'DB_B.png', 'BD_B.png'], 'Test': ['INPOS_SpoonCup_Cup.mp4', 'INPOS_CupSpoon_Cup.mp4', 'INNEG_DuckBear_Bear.mp4', 'INNEG_BearDuck_Bear.mp4']}",1,0,23,Still,2.1583395700436085,2.6920920150587335,0.533752445015125
2,28,6,f,"{'ConPos': ['CONPOS_BananaApple_Banana.mp4', 'CONPOS_AppleBanana_Banana.mp4'], 'ConNeg': ['CONNEG_BallCar_Ball.mp4', 'CONNEG_CarBall_Ball.mp4'], 'P_intro': ['intro.mp4'], 'O_intro': ['Intro_AppleBanana.mp4', 'Intro_BallCar.mp4', 'Intro_CupSpoon.mp4', 'Intro_DuckBear.mp4'], 'O_intro_S': ['AB_intro_S.png', 'BC_intro_S.png', 'CS_intro_S.png', 'BD_intro_S.png'], 'Still': ['BA_B.png', 'AB_B.png', 'BC_B.png', 'CB_B.png', 'SC_C.png', 'CS_C.png', 'DB_B.png', 'BD_B.png'], 'Test': ['INPOS_SpoonCup_Cup.mp4', 'INPOS_CupSpoon_Cup.mp4', 'INNEG_DuckBear_Bear.mp4', 'INNEG_BearDuck_Bear.mp4']}",1,1,23,Still,2.6920914370566607,3.7762819239869714,1.0841904869303107
2,28,6,f,"{'ConPos': ['CONPOS_BananaApple_Banana.mp4', 'CONPOS_AppleBanana_Banana.mp4'], 'ConNeg': ['CONNEG_BallCar_Ball.mp4', 'CONNEG_CarBall_Ball.mp4'], 'P_intro': ['intro.mp4'], 'O_intro': ['Intro_AppleBanana.mp4', 'Intro_BallCar.mp4', 'Intro_CupSpoon.mp4', 'Intro_DuckBear.mp4'], 'O_intro_S': ['AB_intro_S.png', 'BC_intro_S.png', 'CS_intro_S.png', 'BD_intro_S.png'], 'Still': ['BA_B.png', 'AB_B.png', 'BC_B.png', 'CB_B.png', 'SC_C.png', 'CS_C.png', 'DB_B.png', 'BD_B.png'], 'Test': ['INPOS_SpoonCup_Cup.mp4', 'INPOS_CupSpoon_Cup.mp4', 'INNEG_DuckBear_Bear.mp4', 'INNEG_BearDuck_Bear.mp4']}",1,0,23,Still,3.7762831579893827,5.777755053015426,2.001471895026043
2,28,6,f,"{'ConPos': ['CONPOS_BananaApple_Banana.mp4', 'CONPOS_AppleBanana_Banana.mp4'], 'ConNeg': ['CONNEG_BallCar_Ball.mp4', 'CONNEG_CarBall_Ball.mp4'], 'P_intro': ['intro.mp4'], 'O_intro': ['Intro_AppleBanana.mp4', 'Intro_BallCar.mp4', 'Intro_CupSpoon.mp4', 'Intro_DuckBear.mp4'], 'O_intro_S': ['AB_intro_S.png', 'BC_intro_S.png', 'CS_intro_S.png', 'BD_intro_S.png'], 'Still': ['BA_B.png', 'AB_B.png', 'BC_B.png', 'CB_B.png', 'SC_C.png', 'CS_C.png', 'DB_B.png', 'BD_B.png'], 'Test': ['INPOS_SpoonCup_Cup.mp4', 'INPOS_CupSpoon_Cup.mp4', 'INNEG_DuckBear_Bear.mp4', 'INNEG_BearDuck_Bear.mp4']}",1,1,24,Test,0,24.12520183599554,24.12520183599554
2,28,6,f,"{'ConPos': ['CONPOS_BananaApple_Banana.mp4', 'CONPOS_AppleBanana_Banana.mp4'], 'ConNeg': ['CONNEG_BallCar_Ball.mp4', 'CONNEG_CarBall_Ball.mp4'], 'P_intro': ['intro.mp4'], 'O_intro': ['Intro_AppleBanana.mp4', 'Intro_BallCar.mp4', 'Intro_CupSpoon.mp4', 'Intro_DuckBear.mp4'], 'O_intro_S': ['AB_intro_S.png', 'BC_intro_S.png', 'CS_intro_S.png', 'BD_intro_S.png'], 'Still': ['BA_B.png', 'AB_B.png', 'BC_B.png', 'CB_B.png', 'SC_C.png', 'CS_C.png', 'DB_B.png', 'BD_B.png'], 'Test': ['INPOS_SpoonCup_Cup.mp4', 'INPOS_CupSpoon_Cup.mp4', 'INNEG_DuckBear_Bear.mp4', 'INNEG_BearDuck_Bear.mp4']}",1,1,25,Still,0,2.9234484849730507,2.9234484849730507
2,28,6,f,"{'ConPos': ['CONPOS_BananaApple_Banana.mp4', 'CONPOS_AppleBanana_Banana.mp4'], 'ConNeg': ['CONNEG_BallCar_Ball.mp4', 'CONNEG_CarBall_Ball.mp4'], 'P_intro': ['intro.mp4'], 'O_intro': ['Intro_AppleBanana.mp4', 'Intro_BallCar.mp4', 'Intro_CupSpoon.mp4', 'Intro_DuckBear.mp4'], 'O_intro_S': ['AB_intro_S.png', 'BC_intro_S.png', 'CS_intro_S.png', 'BD_intro_S.png'], 'Still': ['BA_B.png', 'AB_B.png', 'BC_B.png', 'CB_B.png', 'SC_C.png', 'CS_C.png', 'DB_B.png', 'BD_B.png'], 'Test': ['INPOS_SpoonCup_Cup.mp4', 'INPOS_CupSpoon_Cup.mp4', 'INNEG_DuckBear_Bear.mp4', 'INNEG_BearDuck_Bear.mp4']}",1,0,25,Still,2.923449618043378,4.9249589970568195,2.0015093790134415
